ticker,slot,entry_date,exit_date,entry_price,exit_price,shares,pnl_€,ret_%,hold_d,earned_mode,earned_date,pyramid_count,max_unreal_%,exit_reason,is_rotation,exhausted,exhaust_date,setup
TLT,1,2020-02-28,2020-03-11,128.91,138.28,38,316.0,6.42,8,True,2020-03-03,0,11.07,ATR,False,False,,A
IEF,2,2020-02-28,2020-03-11,100.76,103.8,49,108.84,2.2,8,True,2020-03-02,0,4.05,ATR,False,False,,A
ECL,2,2020-05-29,2020-06-12,198.25,195.62,26,-108.28,-2.09,10,True,2020-06-05,0,8.86,ATR,False,False,,A
LQD,2,2020-06-16,2020-06-22,109.28,108.55,46,-73.54,-1.46,4,False,,0,0.0,Rotation,True,False,,A
KEYS,1,2020-05-21,2020-07-08,102.4,100.42,50,-139.0,-2.7,32,False,,0,5.6,Rotation,True,False,,A
APD,1,2020-07-08,2020-07-09,231.66,235.68,21,44.37,0.91,1,False,,0,1.27,Rotation,True,False,,A
MRVL,1,2020-07-09,2020-07-24,36.96,33.98,136,-445.32,-8.82,11,False,,0,1.27,ATR,False,False,,A
HOLX,2,2020-06-22,2020-08-11,55.01,66.34,92,1002.36,19.73,35,True,2020-07-02,0,33.28,ATR,False,False,,A
NKE,2,2020-08-11,2020-08-12,98.43,97.39,54,-96.21,-1.8,1,False,,0,0.0,Rotation,True,False,,A
MPWR,1,2020-07-30,2020-09-08,250.77,236.03,18,-305.42,-6.74,27,True,2020-08-06,0,8.21,ATR,False,False,,A
ALB,2,2020-08-12,2020-09-24,87.06,75.08,60,-759.15,-14.48,30,True,2020-09-15,0,8.18,ATR,False,False,,A
NKE,2,2020-09-24,2020-10-23,116.73,120.02,39,88.18,1.93,21,False,,0,3.59,Rotation,True,False,,A
CAT,1,2020-09-10,2020-10-28,136.8,139.26,36,48.43,0.98,34,True,2020-10-12,0,11.61,ATR,False,False,,A
CL,1,2020-11-04,2020-11-05,73.19,74.42,65,39.91,0.84,1,False,,0,0.61,Rotation,True,False,,A
MPWR,1,2020-11-05,2020-11-10,328.95,302.33,14,-412.59,-8.92,3,False,,0,4.36,ATR,False,False,,A
ALGN,2,2020-10-23,2020-11-20,451.34,443.39,10,-119.5,-2.64,20,True,2020-11-05,0,8.99,ATR,False,False,,A
COST,2,2020-12-01,2020-12-07,363.31,353.64,12,-155.99,-3.56,4,False,,0,0.8,Rotation,True,False,,A
CAT,2,2020-12-07,2020-12-31,163.34,163.21,26,-43.3,-1.01,17,False,,0,0.75,Rotation,True,False,,A
FCX,2,2020-12-31,2021-01-27,24.73,24.29,174,-117.8,-2.72,17,True,2021-01-05,0,20.49,ATR,False,False,,A
ON,1,2020-11-10,2021-01-28,27.5,35.35,168,1278.8,27.56,53,True,2020-11-27,0,40.07,ATR,False,False,,A
CPB,1,2021-01-28,2021-01-29,42.74,40.14,118,-346.48,-6.84,1,False,,0,0.0,ATR,False,False,,A
MSFT,2,2021-01-27,2021-02-05,227.85,231.9,18,32.89,0.8,7,False,,0,2.1,Rotation,True,False,,A
ABT,1,2021-01-29,2021-02-09,109.07,113.22,44,142.78,2.96,7,False,,0,3.53,Rotation,True,False,,A
DIS,1,2021-02-09,2021-03-29,183.84,180.98,26,-114.43,-2.38,33,True,2021-02-24,0,7.3,ATR,False,False,,A
EWL,1,2021-04-09,2021-04-14,41.64,41.7,117,-33.64,-0.69,3,False,,0,0.5,Rotation,True,False,,A
EWQ,1,2021-04-14,2021-04-15,31.13,31.29,156,-14.64,-0.3,1,False,,0,0.05,Rotation,True,False,,A
WFC,1,2021-04-15,2021-06-11,37.46,40.28,130,327.63,6.7,40,True,2021-04-19,0,14.02,ATR,False,False,,A
HCA,2,2021-02-05,2021-06-21,171.6,194.96,28,614.1,12.73,93,True,2021-03-09,0,20.6,ATR,False,False,,A
LQD,2,2021-06-21,2021-06-25,111.08,111.16,48,-36.41,-0.68,4,False,,0,0.06,Rotation,True,False,,A
SPGI,2,2021-06-25,2021-07-13,394.91,394.87,13,-40.62,-0.79,11,False,,0,2.03,Rotation,True,False,,A
ADBE,1,2021-06-11,2021-09-21,529.75,646.88,9,1014.17,21.18,70,True,2021-06-14,0,25.83,ATR,False,False,,A
ALB,2,2021-07-13,2021-09-21,175.62,206.9,30,898.24,16.98,49,True,2021-07-21,0,31.27,ATR,False,False,,A
BKNG,2,2021-09-23,2021-09-24,94.66,96.3,66,68.15,1.09,1,False,,0,2.69,Rotation,True,False,,A
COP,1,2021-09-23,2021-11-22,52.87,59.5,118,742.58,11.86,42,True,2021-09-27,0,23.74,ATR,False,False,,A
CRM,2,2021-09-24,2021-11-24,274.47,281.9,22,123.48,2.04,43,True,2021-10-14,0,11.3,ATR,False,False,,A
ADBE,1,2021-11-22,2021-11-24,696.28,655.83,9,-404.05,-6.43,2,False,,0,0.0,ATR,False,False,,A
SJM,2,2021-11-24,2021-11-30,115.86,111.03,56,-310.67,-4.77,3,False,,0,0.0,Rotation,True,False,,A
ABBV,1,2021-11-24,2021-12-01,100.69,98.23,64,-197.47,-3.05,4,False,,0,0.0,ATR,False,False,,A
TLT,1,2021-12-02,2021-12-06,131.17,132.13,47,5.15,0.08,2,False,,0,0.93,Rotation,True,False,,A
NEE,2,2021-11-30,2022-01-07,78.47,76.44,80,-202.56,-3.22,27,True,2021-12-08,0,6.03,ATR,False,False,,A
MRVL,1,2021-12-06,2022-01-10,82.07,79.77,76,-214.93,-3.43,24,True,2021-12-07,0,9.58,ATR,False,False,,A
VFH,1,2022-01-10,2022-01-19,93.31,90.89,64,-194.56,-3.25,6,False,,0,0.14,ATR,False,False,,A
ABBV,1,2022-01-19,2022-01-24,116.93,113.86,50,-193.87,-3.3,3,False,,0,0.0,ATR,False,False,,A
MET,2,2022-01-07,2022-01-28,58.65,57.27,104,-183.49,-3.0,14,False,,0,2.44,Rotation,True,False,,A
MDLZ,1,2022-01-24,2022-01-31,61.28,59.19,92,-233.12,-4.12,5,False,,0,0.0,ATR,False,False,,A
VRTX,1,2022-01-31,2022-02-15,240.87,231.88,23,-246.77,-4.44,11,True,2022-02-02,0,5.27,ATR,False,False,,A
BMY,1,2022-02-16,2022-02-18,56.79,56.47,94,-70.72,-1.32,2,False,,0,0.0,Rotation,True,False,,A
CVS,2,2022-01-28,2022-02-23,91.95,88.38,62,-261.25,-4.57,17,False,,0,3.89,ATR,False,False,,A
NEM,1,2022-02-18,2022-03-01,59.58,59.17,89,-76.97,-1.45,6,False,,0,1.25,Rotation,True,False,,A
DVN,1,2022-03-01,2022-03-15,48.92,41.85,109,-810.71,-15.15,10,False,,0,0.95,ATR,False,False,,A
CVX,2,2022-02-28,2022-04-25,118.59,132.61,45,590.73,11.03,39,True,2022-03-01,0,24.86,ATR,False,False,,A
REGN,1,2022-03-15,2022-04-25,655.83,680.11,6,105.66,2.67,28,True,2022-03-21,0,11.9,ATR,False,False,,A
XOM,2,2022-05-05,2022-05-10,80.2,74.62,65,-402.49,-7.69,3,False,,0,0.0,ATR,False,False,,A
CPB,1,2022-04-29,2022-05-19,41.14,39.22,128,-285.53,-5.4,14,True,2022-05-06,0,6.97,ATR,False,False,,A
MCD,2,2022-07-27,2022-07-28,234.71,237.47,21,17.81,0.36,1,False,,0,1.21,Rotation,True,False,,A
TMUS,2,2022-07-28,2022-09-08,136.01,140.19,36,110.57,2.25,29,False,,0,3.97,Rotation,True,False,,A
GIS,1,2022-06-30,2022-09-14,63.38,63.92,78,2.0,0.04,52,True,2022-08-09,0,6.77,ATR,False,False,,A
ENPH,2,2022-09-08,2022-09-23,315.0,279.03,15,-579.55,-12.21,11,False,,0,1.78,ATR,False,False,,A
GIS,1,2022-09-22,2022-10-03,69.17,66.47,72,-234.39,-4.69,7,False,,0,0.74,ATR,False,False,,A
VRTX,1,2022-10-25,2022-10-28,312.0,302.0,14,-180.0,-4.1,3,False,,0,0.0,ATR,False,False,,A
TMUS,1,2022-10-31,2022-12-01,144.22,146.4,31,27.36,0.61,22,False,,0,1.52,Rotation,True,False,,A
GIS,1,2022-12-01,2023-01-09,74.04,74.51,61,-11.45,-0.25,25,False,,0,2.71,Rotation,True,False,,A
LLY,2,2022-09-29,2023-01-10,324.68,340.24,13,162.26,3.83,70,True,2022-10-26,0,12.53,ATR,False,False,,A
SYK,2,2023-01-10,2023-01-31,252.84,241.3,18,-247.68,-5.42,14,False,,0,1.08,ATR,False,False,,A
SBUX,1,2023-01-09,2023-02-06,98.41,96.09,45,-144.77,-3.25,19,True,2023-02-01,0,3.26,ATR,False,False,,A
FTV,1,2023-02-06,2023-02-07,50.94,51.04,86,-31.05,-0.71,1,False,,0,0.58,Rotation,True,False,,A
AME,1,2023-02-07,2023-02-08,142.73,143.47,30,-17.97,-0.42,1,False,,0,0.64,Rotation,True,False,,A
ITW,2,2023-02-01,2023-02-22,218.72,217.08,20,-72.81,-1.66,14,True,2023-02-02,0,6.16,ATR,False,False,,A
DD,1,2023-02-08,2023-02-22,30.28,28.66,144,-274.4,-6.26,9,False,,0,0.0,ATR,False,False,,A
CRM,2,2023-03-03,2023-03-09,185.35,180.45,22,-147.76,-3.61,4,False,,0,0.0,Rotation,True,False,,A
LIN,1,2023-02-27,2023-03-10,331.81,331.76,12,-40.69,-1.02,9,False,,0,4.66,Rotation,True,False,,A
ANET,2,2023-03-09,2023-04-21,37.2,38.86,111,144.26,3.48,30,True,2023-03-16,0,13.85,ATR,False,False,,A
CL,2,2023-04-21,2023-04-24,71.9,71.53,58,-61.61,-1.47,1,False,,0,0.0,Rotation,True,False,,A
GE,1,2023-03-10,2023-04-27,72.19,76.22,56,185.24,4.56,33,True,2023-04-03,0,8.98,ATR,False,False,,A
PG,2,2023-04-24,2023-04-28,144.68,145.67,28,-12.33,-0.3,4,False,,0,0.81,Rotation,True,False,,A
MSFT,1,2023-04-27,2023-07-27,289.12,333.33,14,578.9,14.23,62,True,2023-05-05,0,21.73,ATR,False,False,,A
GOOGL,1,2023-07-27,2023-07-28,130.59,129.71,34,-70.01,-1.57,1,False,,0,0.0,Rotation,True,False,,A
ANSS,1,2023-07-28,2023-08-14,69.19,63.42,64,-409.65,-9.21,11,False,,0,1.54,ATR,False,False,,A
META,2,2023-04-28,2023-08-17,237.15,290.77,17,871.53,21.51,76,True,2023-05-22,0,36.18,ATR,False,False,,A
OXY,1,2023-08-14,2023-08-17,62.44,60.34,68,-182.51,-4.28,3,False,,0,0.0,Rotation,True,False,,A
PGR,1,2023-08-17,2023-08-21,124.85,122.6,36,-120.99,-2.68,2,False,,0,0.0,Rotation,True,False,,A
ROST,1,2023-08-21,2023-08-30,115.31,117.64,38,48.65,1.11,7,False,,0,2.75,Rotation,True,False,,A
TJX,2,2023-08-17,2023-09-22,86.21,86.26,54,-37.39,-0.8,25,True,2023-08-30,0,5.09,ATR,False,False,,A
GOOG,1,2023-08-30,2023-09-27,134.47,128.39,33,-240.64,-5.4,19,False,,0,2.52,ATR,False,False,,A
XOM,1,2023-09-28,2023-10-05,110.17,100.82,40,-413.89,-9.35,5,False,,0,0.0,ATR,False,False,,A
GD,2,2023-10-10,2023-10-11,228.51,225.0,18,-103.24,-2.5,1,False,,0,0.0,Rotation,True,False,,A
CDNS,2,2023-10-11,2023-10-25,250.32,237.04,16,-252.48,-6.27,10,False,,0,1.06,ATR,False,False,,A
AIG,2,2023-11-03,2023-12-01,60.66,62.24,64,61.3,1.57,19,False,,0,2.83,Rotation,True,False,,A
PSX,2,2023-12-01,2024-01-11,118.95,120.28,33,3.99,0.1,27,True,2023-12-20,0,5.64,ATR,False,False,,A
CRWD,1,2023-10-09,2024-02-22,176.5,304.93,24,3042.32,71.48,93,True,2023-10-11,0,89.55,ATR,False,False,,A
CTRA,1,2024-02-22,2024-02-23,23.96,24.43,234,68.62,1.22,1,False,,0,2.01,Rotation,True,False,,A
AVGO,1,2024-02-23,2024-03-12,127.67,127.54,44,-45.88,-0.81,12,True,2024-03-01,0,7.54,ATR,False,False,,A
XLB,1,2024-03-12,2024-03-15,43.31,43.22,130,-51.22,-0.91,3,False,,0,0.99,Rotation,True,False,,A
MSFT,1,2024-03-15,2024-03-18,412.95,407.99,13,-104.53,-1.94,1,False,,0,0.0,Rotation,True,False,,A
ISRG,2,2024-01-11,2024-04-16,364.45,376.63,10,81.8,2.23,65,True,2024-01-24,0,9.92,ATR,False,False,,A
PSX,1,2024-03-18,2024-04-16,148.62,149.93,37,8.3,0.15,20,True,2024-04-02,0,8.34,ATR,False,False,,A
ELV,1,2024-04-19,2024-04-25,514.15,516.34,10,-18.09,-0.35,4,False,,0,0.2,Rotation,True,False,,A
AXP,2,2024-04-22,2024-06-10,227.06,226.98,24,-41.88,-0.77,34,True,2024-05-10,0,4.76,ATR,False,False,,A
BSX,1,2024-04-25,2024-07-19,73.13,76.9,76,246.52,4.42,58,True,2024-05-20,0,6.85,ATR,False,False,,A
ALL,1,2024-07-19,2024-07-22,171.64,169.67,33,-105.08,-1.85,1,False,,0,0.0,Rotation,True,False,,A
AAPL,2,2024-06-12,2024-07-25,205.78,217.25,27,269.72,4.84,29,True,2024-06-12,0,13.24,ATR,False,False,,A
ISRG,1,2024-07-22,2024-07-26,462.33,438.6,12,-324.76,-5.83,4,False,,0,0.0,ATR,False,False,,A
RTX,1,2024-07-26,2024-09-09,110.32,116.44,51,272.04,4.82,30,True,2024-08-15,0,8.81,ATR,False,False,,A
ABBV,2,2024-07-26,2024-10-18,173.01,179.64,32,172.13,3.1,59,True,2024-08-02,0,8.67,ATR,False,False,,A
TRV,2,2024-10-18,2024-10-23,262.77,252.71,22,-261.23,-4.5,3,False,,0,0.0,Rotation,True,False,,A
PM,2,2024-10-23,2024-11-07,123.07,119.8,46,-190.26,-3.35,11,False,,0,2.17,ATR,False,False,,A
ORCL,2,2024-11-07,2024-12-11,178.2,175.17,30,-130.93,-2.44,23,True,2024-11-08,0,6.27,ATR,False,False,,A
T,1,2024-09-09,2024-12-19,19.37,21.07,296,463.18,8.05,72,True,2024-09-09,0,15.39,ATR,False,False,,A
BLK,2,2024-12-12,2024-12-19,1040.94,1013.97,5,-174.82,-3.35,5,False,,0,0.0,ATR,False,False,,A
EBAY,2,2025-01-10,2025-01-15,67.45,63.64,84,-359.94,-6.33,3,False,,0,0.0,ATR,False,False,,A
ISRG,2,2025-01-16,2025-02-26,582.6,570.85,9,-145.75,-2.77,27,True,2025-01-22,0,4.78,ATR,False,False,,A
PXD,2,2025-02-26,2025-03-03,52.04,52.07,102,-37.15,-0.7,3,False,,0,0.14,Rotation,True,False,,A
RL,1,2025-01-07,2025-03-05,240.06,249.47,23,176.54,3.19,38,True,2025-01-23,0,17.63,ATR,False,False,,A
EWL,1,2025-03-05,2025-03-06,51.9,51.5,106,-82.65,-1.5,1,False,,0,0.0,Rotation,True,False,,A
V,2,2025-03-03,2025-03-07,360.3,338.34,14,-347.52,-6.86,4,False,,0,0.0,ATR,False,False,,A
FAST,2,2025-03-07,2025-03-14,37.93,36.43,135,-241.64,-4.7,5,True,2025-03-10,0,3.27,ATR,False,False,,A
EWG,1,2025-03-06,2025-04-01,38.01,36.62,143,-238.33,-4.37,18,False,,0,1.73,ATR,False,False,,A
GLD,2,2025-03-14,2025-04-07,276.27,278.86,17,4.03,0.09,16,True,2025-03-28,0,4.3,ATR,False,False,,A
TLT,2,2025-04-07,2025-04-09,87.89,83.48,57,-291.36,-5.79,2,False,,0,0.0,ATR,False,False,,A
EXC,1,2025-04-01,2025-04-10,44.19,42.81,114,-197.42,-3.9,7,True,2025-04-03,0,3.21,ATR,False,False,,A
GLD,1,2025-04-11,2025-05-15,297.96,294.1,16,-101.76,-2.13,23,True,2025-04-16,0,5.92,ATR,False,False,,A
HYG,2,2025-05-13,2025-05-21,75.28,74.99,63,-57.92,-1.22,6,False,,0,0.11,Rotation,True,False,,A
D,2,2025-05-21,2025-06-02,55.12,54.52,85,-91.03,-1.93,7,False,,0,0.0,Rotation,True,False,,A
CME,2,2025-06-02,2025-06-05,277.48,267.64,16,-197.49,-4.43,3,False,,0,0.91,ATR,False,False,,A
MNST,1,2025-05-19,2025-07-10,62.85,59.57,75,-286.0,-6.04,35,False,,0,2.21,ATR,False,False,,A
SLV,1,2025-07-14,2025-07-28,35.22,34.65,126,-111.82,-2.51,10,False,,0,1.42,Rotation,True,False,,A
EWY,2,2025-06-05,2025-08-04,63.89,70.79,69,435.76,9.84,40,True,2025-06-12,0,13.07,ATR,False,False,,A
NEM,1,2025-07-28,2025-10-22,64.29,82.68,67,1192.4,27.56,61,True,2025-08-07,0,52.11,ATR,False,False,,A
K,1,2025-10-22,2025-10-27,70.38,68.82,73,-153.75,-2.98,3,False,,0,0.0,Rotation,True,False,,A
GD,1,2025-10-27,2025-10-29,350.71,342.27,14,-158.25,-3.21,2,False,,0,0.0,Rotation,True,False,,A
MPWR,2,2025-08-04,2025-11-05,787.12,957.5,5,811.92,20.53,66,True,2025-08-13,0,39.87,ATR,False,False,,A
CTRA,2,2025-11-05,2025-11-06,25.4,25.6,214,4.24,0.08,1,False,,0,0.0,Rotation,True,False,,A
NVDA,1,2025-10-29,2025-11-07,207.96,184.88,24,-593.86,-11.85,7,False,,0,0.0,ATR,False,False,,A
MAR,1,2025-11-10,2025-11-18,290.87,282.01,17,-190.65,-3.84,6,False,,0,0.0,Rotation,True,False,,A
AMGN,2,2025-11-06,2025-12-10,314.66,314.07,17,-49.96,-0.93,23,True,2025-11-11,0,9.03,ATR,False,False,,A
EWL,2,2025-12-11,2025-12-16,58.47,59.29,86,30.52,0.6,3,False,,0,1.01,Rotation,True,False,,A
HOLX,2,2025-12-16,2025-12-19,75.06,75.0,67,-44.02,-0.87,3,False,,0,0.0,Rotation,True,False,,A
JNJ,1,2025-11-18,2026-01-06,196.71,203.52,24,123.43,2.6,32,True,2025-11-21,0,8.3,ATR,False,False,,A
AMAT,1,2026-01-06,2026-02-05,285.07,299.7,17,208.57,4.29,21,True,2026-01-09,0,19.59,ATR,False,False,,A
UPS,1,2026-02-05,2026-02-06,114.4,114.7,45,-26.69,-0.52,1,False,,0,0.47,Rotation,True,False,,A
FDX,2,2025-12-19,2026-03-09,270.96,351.61,18,1411.67,28.83,52,True,2025-12-19,0,42.79,ATR,False,False,,A
TPR,1,2026-02-06,2026-03-13,145.04,143.54,35,-92.54,-1.82,24,True,2026-02-09,0,10.36,ATR,False,False,,A
CVX,2,2026-03-13,2026-04-02,196.0,202.51,29,148.79,2.61,14,True,2026-03-20,0,7.73,ATR,False,False,,A
DVN,1,2026-03-13,2026-04-13,45.52,48.33,128,319.68,5.47,20,True,2026-03-19,0,14.39,ATR,False,False,,A
NEE,1,2026-04-24,2026-04-27,97.24,94.83,62,-189.42,-3.13,1,False,,0,0.0,End,False,False,,A
TMUS,1,2020-03-05,2020-03-10,88.08,78.82,56,-558.51,-11.28,3,False,,0,0.0,ATR,False,False,,B
BIIB,2,2020-03-06,2020-03-13,308.27,279.14,16,-506.08,-10.22,5,False,,0,3.14,ATR,False,False,,B
TMUS,1,2020-03-11,2020-03-19,79.67,71.89,55,-467.81,-10.63,6,False,,0,4.33,ATR,False,False,,B
WMT,2,2020-05-05,2020-05-07,38.01,38.07,110,-33.14,-0.79,2,False,,0,0.75,Rotation,True,False,,B
HRL,1,2020-05-04,2020-05-11,38.73,39.44,108,36.38,0.87,5,False,,0,1.48,Rotation,True,False,,B
CCI,2,2020-05-07,2020-05-14,119.69,116.96,34,-132.68,-3.24,5,False,,0,2.22,Rotation,True,False,,B
GILD,2,2020-05-14,2020-06-05,60.93,61.09,66,-29.49,-0.73,15,False,,0,1.67,Rotation,True,False,,B
CAG,1,2020-05-11,2020-06-12,25.59,24.9,164,-152.74,-3.62,23,True,2020-05-29,0,5.01,ATR,False,False,,B
PANW,1,2020-06-12,2020-06-19,37.87,38.83,106,62.11,1.54,5,False,,0,1.37,Rotation,True,False,,B
AMD,2,2020-06-05,2020-06-29,52.99,50.15,76,-255.84,-6.32,16,True,2020-06-10,0,8.4,ATR,False,False,,B
ETSY,2,2020-07-22,2020-08-12,105.22,128.53,36,799.16,20.99,15,True,2020-07-31,0,28.8,Exhaust,False,True,2020-08-03,B
EW,2,2020-08-12,2020-08-18,77.0,78.46,56,41.76,0.96,4,False,,0,3.12,Rotation,True,False,,B
ROK,1,2020-06-19,2020-09-09,193.97,203.15,21,152.78,3.73,56,True,2020-07-17,0,11.39,ATR,False,False,,B
NFLX,2,2020-08-18,2020-09-11,48.44,48.65,90,-20.74,-0.47,17,True,2020-08-26,0,14.91,ATR,False,False,,B
STLD,1,2020-09-09,2020-09-15,26.88,27.47,165,57.24,1.28,4,False,,0,1.48,Rotation,True,False,,B
BBY,2,2020-09-14,2020-10-29,85.74,88.85,51,118.6,2.7,33,True,2020-10-05,0,11.57,ATR,False,False,,B
ZS,2,2020-10-29,2020-11-03,145.38,135.02,31,-361.16,-7.98,3,False,,0,0.0,ATR,False,False,,B
QCOM,2,2020-11-03,2020-11-04,111.43,114.88,38,90.98,2.14,1,False,,0,0.01,Rotation,True,False,,B
SNPS,1,2020-09-15,2020-11-11,208.13,222.44,21,260.51,5.93,41,True,2020-10-09,0,16.17,ATR,False,False,,B
TSCO,1,2020-11-17,2020-11-18,24.16,24.15,187,-42.74,-0.94,1,False,,0,0.0,Rotation,True,False,,B
TMO,1,2020-11-18,2020-11-25,472.96,432.13,9,-407.47,-9.53,5,False,,0,0.0,ATR,False,False,,B
BMY,1,2020-11-27,2020-11-30,50.95,50.77,84,-55.56,-1.29,1,False,,0,0.0,Rotation,True,False,,B
ELV,1,2020-11-30,2020-12-08,288.7,294.08,14,35.24,0.87,6,False,,0,3.99,Rotation,True,False,,B
FDX,2,2020-11-04,2020-12-21,249.78,245.77,17,-108.16,-2.54,32,True,2020-12-01,0,8.94,ATR,False,False,,B
DOW,1,2020-12-08,2020-12-29,39.83,41.03,107,88.89,2.08,14,False,,0,5.22,Rotation,True,False,,B
F,2,2020-12-21,2021-01-28,6.66,8.14,630,891.6,21.16,25,True,2021-01-11,0,29.99,Exhaust,False,True,2021-01-14,B
CAT,2,2021-01-28,2021-01-29,165.91,167.04,28,-8.4,-0.18,1,False,,0,1.14,Rotation,True,False,,B
GE,1,2020-12-29,2021-02-01,51.86,52.83,82,39.79,0.93,22,True,2021-01-06,0,10.51,ATR,False,False,,B
DRE,2,2021-01-29,2021-02-19,155.2,136.1,30,-613.13,-13.11,14,False,,0,2.53,ATR,False,False,,B
ALB,1,2021-02-01,2021-02-19,155.86,136.1,30,-632.88,-13.48,13,False,,0,2.09,ATR,False,False,,B
DD,1,2021-02-25,2021-03-02,27.28,28.07,151,79.41,1.92,3,False,,0,2.48,Rotation,True,False,,B
ALGN,2,2021-02-26,2021-03-05,561.46,525.0,7,-295.22,-7.47,5,False,,0,1.01,ATR,False,False,,B
NXPI,1,2021-03-02,2021-03-05,172.31,158.84,24,-363.18,-8.74,3,False,,0,0.0,ATR,False,False,,B
IWM,1,2021-03-05,2021-03-25,203.6,196.88,18,-160.92,-4.37,14,True,2021-03-11,0,8.08,ATR,False,False,,B
GOOG,2,2021-03-05,2021-03-26,102.81,101.11,37,-102.86,-2.69,15,False,,0,2.01,Rotation,True,False,,B
XOM,2,2021-03-26,2021-04-21,47.31,45.0,78,-220.33,-5.94,17,False,,0,0.72,Rotation,True,False,,B
NUE,2,2021-04-21,2021-05-13,72.26,89.88,48,805.58,23.09,16,True,2021-04-29,0,30.78,Exhaust,False,True,2021-05-04,B
ISRG,2,2021-05-13,2021-05-14,271.07,274.32,14,5.55,0.15,1,False,,0,0.91,Rotation,True,False,,B
EXR,2,2021-05-14,2021-05-20,118.17,119.53,33,4.8,0.12,4,False,,0,1.38,Rotation,True,False,,B
DVN,1,2021-03-26,2021-06-10,17.85,23.75,206,1175.14,31.78,52,True,2021-05-05,0,37.83,Exhaust,False,True,2021-06-01,B
SCHW,2,2021-05-20,2021-06-21,67.15,66.34,59,-87.65,-2.2,21,True,2021-06-03,0,6.31,ATR,False,False,,B
TPR,1,2021-06-10,2021-06-24,38.48,37.84,118,-115.88,-2.54,10,False,,0,1.42,Rotation,True,False,,B
EOG,1,2021-06-24,2021-07-16,66.59,61.35,66,-385.41,-8.73,15,False,,0,2.86,ATR,False,False,,B
DVN,2,2021-06-22,2021-07-19,22.33,19.33,202,-645.13,-14.24,18,False,,0,5.49,ATR,False,False,,B
GM,1,2021-07-16,2021-07-20,55.33,52.23,73,-266.26,-6.56,2,False,,0,0.0,ATR,False,False,,B
PGR,1,2021-07-21,2021-07-22,84.59,83.97,45,-67.79,-1.77,1,False,,0,0.0,Rotation,True,False,,B
IR,2,2021-07-22,2021-07-23,48.53,48.6,78,-34.57,-0.91,1,False,,0,0.0,Rotation,True,False,,B
AMD,1,2021-07-22,2021-08-09,89.4,111.31,42,880.22,23.32,12,True,2021-07-28,0,32.85,Exhaust,False,True,2021-07-29,B
XOM,1,2021-08-12,2021-08-18,48.81,47.13,86,-184.81,-4.38,4,False,,0,0.0,Rotation,True,False,,B
HCA,1,2021-08-18,2021-08-25,233.83,240.37,17,71.07,1.78,5,False,,0,2.58,Rotation,True,False,,B
BIIB,2,2021-07-23,2021-09-09,322.1,322.0,11,-41.1,-1.15,33,True,2021-08-09,0,8.6,ATR,False,False,,B
PFE,2,2021-09-09,2021-09-10,36.89,36.73,112,-57.78,-1.39,1,False,,0,0.0,Rotation,True,False,,B
NUE,2,2021-09-10,2021-09-15,105.64,100.52,38,-234.5,-5.81,3,False,,0,0.0,ATR,False,False,,B
EBAY,2,2021-09-16,2021-09-20,67.64,66.95,56,-78.69,-2.07,2,False,,0,1.73,Rotation,True,False,,B
FTNT,1,2021-08-25,2021-09-29,60.1,58.25,69,-167.65,-4.02,24,True,2021-08-27,0,6.55,ATR,False,False,,B
NFLX,1,2021-09-29,2021-10-12,58.9,63.3,65,246.06,6.39,9,True,2021-09-30,0,8.5,Exhaust,False,True,2021-10-06,B
ZS,2,2021-09-20,2021-11-11,268.0,343.17,14,1012.34,26.84,38,True,2021-10-13,0,31.57,Exhaust,False,True,2021-10-25,B
ALB,1,2021-10-12,2021-11-11,206.25,252.25,19,833.98,21.17,22,True,2021-10-15,0,27.78,Exhaust,False,True,2021-11-03,B
IDXX,2,2021-11-11,2021-11-15,623.72,627.56,7,-13.12,-0.3,2,False,,0,0.72,Rotation,True,False,,B
VDE,1,2021-11-11,2021-11-22,69.6,65.76,70,-308.83,-6.31,7,False,,0,0.68,ATR,False,False,,B
SCHW,2,2021-11-15,2021-11-30,77.83,74.34,63,-259.93,-5.28,10,False,,0,0.79,Rotation,True,False,,B
LLY,1,2021-11-24,2021-12-01,252.72,239.9,18,-270.76,-5.93,4,False,,0,0.0,ATR,False,False,,B
AMAT,1,2021-12-01,2021-12-06,145.69,140.42,30,-198.07,-4.51,3,False,,0,0.28,Rotation,True,False,,B
MPWR,1,2021-12-06,2021-12-13,526.95,491.4,7,-288.81,-7.79,5,False,,0,0.0,ATR,False,False,,B
PANW,1,2021-12-13,2022-01-06,89.99,83.5,43,-318.93,-8.2,17,False,,0,5.26,Rotation,True,False,,B
ANET,2,2021-11-30,2022-01-07,31.5,33.34,146,229.37,4.97,27,True,2021-12-13,0,16.55,ATR,False,False,,B
PFE,1,2022-01-06,2022-01-18,44.17,43.64,80,-82.28,-2.32,7,False,,0,2.77,Rotation,True,False,,B
ANET,2,2022-01-13,2022-01-21,33.25,30.56,126,-378.62,-8.99,5,False,,0,0.0,ATR,False,False,,B
ON,1,2022-01-18,2022-01-21,64.06,55.2,64,-607.04,-14.73,3,False,,0,0.0,ATR,False,False,,B
BKNG,2,2022-01-26,2022-01-28,93.26,92.66,39,-63.4,-1.73,2,False,,0,0.0,Rotation,True,False,,B
BAC,1,2022-01-26,2022-01-31,41.12,40.89,89,-60.78,-1.65,3,False,,0,0.26,Rotation,True,False,,B
BRK-B,2,2022-01-28,2022-02-01,307.68,312.64,11,14.56,0.43,2,False,,0,1.74,Rotation,True,False,,B
MPC,2,2022-02-01,2022-02-15,64.56,70.74,55,299.78,8.4,10,True,2022-02-02,0,14.24,Exhaust,False,True,2022-02-02,B
IR,2,2022-02-15,2022-02-16,54.43,54.55,69,-31.76,-0.84,1,False,,0,0.75,Rotation,True,False,,B
SCHW,1,2022-01-31,2022-02-22,82.91,80.62,43,-138.15,-3.85,15,True,2022-02-08,0,8.07,ATR,False,False,,B
F,2,2022-02-16,2022-02-23,13.57,13.27,276,-121.62,-3.23,4,False,,0,0.84,Rotation,True,False,,B
QCOM,1,2022-02-22,2022-02-24,149.07,142.55,24,-196.35,-5.46,2,False,,0,1.12,Rotation,True,False,,B
APA,2,2022-02-23,2022-03-15,27.38,30.98,132,434.78,11.96,14,True,2022-02-28,0,27.35,Exhaust,False,True,2022-03-02,B
UPS,2,2022-03-15,2022-04-04,171.29,169.06,21,-86.81,-2.4,14,True,2022-03-17,0,7.21,ATR,False,False,,B
SCHW,2,2022-04-07,2022-04-08,76.05,76.3,48,-27.75,-0.76,1,False,,0,0.0,Rotation,True,False,,B
STLD,2,2022-04-08,2022-04-25,79.22,81.89,46,82.53,2.25,10,True,2022-04-18,0,10.78,Exhaust,False,True,2022-04-18,B
EOG,1,2022-02-24,2022-04-26,93.09,94.64,36,15.76,0.47,42,True,2022-03-07,0,13.25,ATR,False,False,,B
EW,2,2022-04-25,2022-04-28,118.0,110.16,31,-283.04,-7.7,3,False,,0,1.53,ATR,False,False,,B
EQR,1,2022-04-26,2022-04-28,76.38,73.28,48,-189.0,-5.13,2,False,,0,0.0,ATR,False,False,,B
VRTX,1,2022-05-02,2022-05-10,264.15,239.58,13,-359.41,-10.41,6,False,,0,3.62,ATR,False,False,,B
KO,1,2022-05-10,2022-05-19,57.29,54.14,55,-212.92,-6.72,7,False,,0,2.26,ATR,False,False,,B
RTX,1,2022-05-19,2022-05-20,84.14,83.64,35,-57.4,-1.94,1,False,,0,0.0,Rotation,True,False,,B
NEM,1,2022-05-20,2022-06-01,59.29,61.02,49,44.87,1.53,7,False,,0,4.41,Rotation,True,False,,B
BMY,2,2022-05-02,2022-06-14,63.63,62.08,54,-123.42,-3.57,30,True,2022-05-26,0,3.78,ATR,False,False,,B
ABBV,1,2022-06-01,2022-06-14,127.77,120.55,23,-206.03,-6.96,9,False,,0,0.99,ATR,False,False,,B
PGR,2,2022-06-17,2022-07-19,100.42,101.44,30,-9.53,-0.31,20,True,2022-06-24,0,9.51,ATR,False,False,,B
XEL,2,2022-07-20,2022-07-21,60.82,59.62,49,-98.86,-3.3,1,False,,0,0.0,Rotation,True,False,,B
LLY,2,2022-07-21,2022-08-05,311.49,293.11,9,-205.44,-7.28,11,False,,0,3.15,ATR,False,False,,B
VRTX,1,2022-06-14,2022-09-07,246.33,279.89,21,150.93,2.64,58,True,2022-06-17,1,21.31,ATR,False,False,,B
PSA,2,2022-09-07,2022-09-09,292.35,294.07,10,-22.8,-0.77,2,False,,0,1.2,Rotation,True,False,,B
EXR,1,2022-09-07,2022-09-12,172.56,172.16,17,-46.67,-1.58,3,False,,0,1.39,Rotation,True,False,,B
VLO,2,2022-09-09,2022-09-16,103.1,93.66,28,-304.37,-10.47,5,False,,0,0.0,ATR,False,False,,B
OXY,1,2022-09-12,2022-09-26,63.32,55.11,46,-417.79,-14.25,10,False,,0,0.3,ATR,False,False,,B
UNH,2,2022-09-21,2022-10-03,491.68,474.87,5,-124.05,-5.01,8,False,,0,0.0,Rotation,True,False,,B
CDNS,2,2022-10-03,2022-10-11,164.39,154.57,14,-177.48,-7.65,6,True,2022-10-04,0,4.22,ATR,False,False,,B
OXY,1,2022-09-29,2022-12-06,57.86,62.5,76,-75.69,-1.58,47,True,2022-10-04,1,20.55,ATR,False,False,,B
APA,2,2022-12-06,2022-12-12,39.73,37.3,59,-183.59,-7.77,4,False,,0,0.0,Rotation,True,False,,B
DRE,2,2022-12-13,2022-12-14,256.08,248.1,8,-103.86,-5.02,1,False,,0,0.0,Rotation,True,False,,B
ITW,2,2022-12-14,2022-12-15,207.64,203.7,10,-79.43,-3.79,1,False,,0,0.0,Rotation,True,False,,B
BIIB,1,2022-12-06,2022-12-28,292.22,275.64,8,-172.64,-7.32,15,False,,0,0.0,ATR,False,False,,B
ROST,2,2022-12-15,2023-02-06,111.98,111.17,18,-54.6,-2.68,34,True,2023-01-06,0,4.86,ATR,False,False,,B
SYK,1,2022-12-29,2023-02-07,235.22,260.35,8,161.11,8.47,26,True,2023-01-06,0,16.61,Exhaust,False,True,2023-02-02,B
KLAC,2,2023-02-06,2023-02-10,392.14,388.14,5,-59.98,-3.03,4,False,,0,3.08,Rotation,True,False,,B
DD,1,2023-02-07,2023-02-21,29.54,29.15,72,-67.68,-3.15,9,False,,0,3.31,Rotation,True,False,,B
NFLX,1,2023-02-21,2023-02-27,34.28,32.39,60,-153.88,-7.41,4,False,,0,0.0,ATR,False,False,,B
META,1,2023-02-27,2023-03-01,170.54,173.23,11,-10.42,-0.55,2,False,,0,1.78,Rotation,True,False,,B
FCX,2,2023-02-10,2023-03-10,40.87,37.47,51,-213.29,-10.14,19,False,,0,2.41,ATR,False,False,,B
ALGN,1,2023-03-01,2023-03-13,307.5,311.41,6,-16.54,-0.89,8,True,2023-03-03,0,9.2,ATR,False,False,,B
ECL,2,2023-03-15,2023-03-16,152.64,153.23,12,-32.93,-1.78,1,False,,0,0.74,Rotation,True,False,,B
BIIB,2,2023-03-16,2023-03-20,259.46,264.65,7,-3.67,-0.2,2,False,,0,2.23,Rotation,True,False,,B
LIN,2,2023-03-21,2023-03-23,330.2,327.09,5,-55.53,-3.32,2,False,,0,0.0,Rotation,True,False,,B
MCHP,2,2023-03-23,2023-04-06,76.11,72.81,24,-119.07,-6.45,10,False,,0,2.16,Rotation,True,False,,B
KLAC,1,2023-03-15,2023-04-20,363.13,352.21,5,-94.58,-5.15,25,True,2023-03-22,0,6.94,ATR,False,False,,B
NFLX,1,2023-04-20,2023-04-21,32.04,32.3,54,-25.91,-1.48,1,False,,0,1.55,Rotation,True,False,,B
ANET,2,2023-04-06,2023-05-03,39.67,33.78,44,-299.49,-16.96,18,False,,0,3.84,ATR,False,False,,B
STLD,2,2023-05-03,2023-05-05,99.44,93.82,14,-118.68,-8.4,2,False,,0,0.0,ATR,False,False,,B
ADI,2,2023-05-05,2023-05-12,171.74,172.5,7,-34.68,-2.84,5,False,,0,2.15,Rotation,True,False,,B
ZBH,2,2023-05-12,2023-05-15,133.16,133.15,9,-40.09,-3.29,1,False,,0,0.0,Rotation,True,False,,B
NVDA,1,2023-04-21,2023-05-25,26.93,38.49,63,688.33,40.1,24,True,2023-05-01,0,17.53,Exhaust,False,True,2023-05-18,B
BKNG,2,2023-05-15,2023-05-31,103.15,98.82,12,-91.94,-7.31,11,True,2023-05-18,0,5.86,ATR,False,False,,B
CRM,2,2023-06-15,2023-06-29,204.94,208.83,8,-8.86,-0.53,9,False,,0,4.34,Rotation,True,False,,B
ALGN,1,2023-05-25,2023-07-06,282.96,330.08,6,242.72,14.13,27,True,2023-06-02,0,24.98,Exhaust,False,True,2023-06-30,B
MRVL,2,2023-06-29,2023-08-10,59.83,59.58,29,-47.17,-2.69,29,True,2023-07-13,0,9.21,ATR,False,False,,B
ORCL,1,2023-07-07,2023-08-10,110.85,110.22,17,-50.84,-2.67,24,True,2023-07-18,0,5.53,ATR,False,False,,B
MRVL,2,2023-08-10,2023-08-28,59.58,53.31,30,-228.19,-12.63,12,False,,0,2.3,ATR,False,False,,B
NVDA,1,2023-08-10,2023-09-18,42.13,42.72,44,-13.99,-0.75,26,True,2023-08-15,0,17.07,ATR,False,False,,B
AVGO,2,2023-08-28,2023-09-21,82.74,77.23,19,-144.54,-9.08,17,True,2023-08-31,0,7.77,ATR,False,False,,B
ZS,2,2023-09-25,2023-09-29,151.0,153.87,10,-11.3,-0.74,4,False,,0,0.0,Rotation,True,False,,B
NVDA,1,2023-09-18,2023-10-19,42.72,42.78,40,-37.48,-2.17,23,True,2023-10-10,0,9.82,ATR,False,False,,B
META,2,2023-09-29,2023-10-26,304.99,292.7,5,-101.42,-6.56,19,True,2023-10-10,0,6.65,ATR,False,False,,B
ZS,2,2023-10-30,2023-10-31,156.06,157.39,10,-26.7,-1.69,1,False,,0,0.48,Rotation,True,False,,B
HES,2,2023-11-03,2023-11-06,148.07,147.11,10,-49.6,-3.31,1,False,,0,0.0,Rotation,True,False,,B
FANG,2,2023-11-07,2023-12-04,142.96,141.33,10,-56.27,-3.88,18,False,,0,1.08,Rotation,True,False,,B
CRWD,1,2023-10-30,2023-12-21,174.6,254.25,9,676.85,42.53,37,True,2023-11-03,0,48.96,Exhaust,False,True,2023-11-14,B
PANW,1,2024-01-03,2024-02-01,142.34,169.5,12,285.92,16.55,20,True,2024-01-09,0,21.5,Exhaust,False,True,2024-01-16,B
NVDA,2,2023-12-04,2024-02-21,46.04,67.96,72,861.51,21.47,53,True,2023-12-14,1,36.25,Exhaust,False,True,2024-01-10,B
F,2,2024-02-29,2024-03-15,10.94,10.65,221,-102.52,-4.21,11,True,2024-03-04,0,2.99,ATR,False,False,,B
GM,2,2024-03-15,2024-03-18,38.49,40.08,61,56.86,2.4,1,False,,0,3.62,Rotation,True,False,,B
AMT,1,2024-02-22,2024-03-21,174.87,181.21,13,42.39,1.85,20,True,2024-02-29,0,9.68,ATR,False,False,,B
PVH,2,2024-03-18,2024-04-03,130.51,107.63,18,-451.82,-19.07,11,True,2024-03-20,0,7.36,ATR,False,False,,B
AMAT,1,2024-03-21,2024-04-18,209.71,194.08,11,-211.9,-9.11,19,False,,0,0.0,ATR,False,False,,B
CRWD,2,2024-04-09,2024-04-18,314.99,293.0,6,-171.94,-9.0,7,False,,0,0.89,ATR,False,False,,B
STLD,1,2024-04-18,2024-04-25,136.01,125.48,14,-187.44,-9.74,5,False,,0,0.0,ATR,False,False,,B
SCHW,2,2024-04-18,2024-05-14,70.65,73.3,28,34.09,1.71,18,True,2024-05-03,0,5.97,Exhaust,False,True,2024-05-06,B
SYK,2,2024-05-14,2024-05-21,318.05,324.2,6,-3.14,-0.16,5,False,,0,3.27,Rotation,True,False,,B
GE,2,2024-05-21,2024-06-14,156.07,152.39,12,-84.11,-4.44,17,True,2024-05-23,0,6.72,ATR,False,False,,B
MU,1,2024-04-25,2024-06-24,108.61,141.45,30,474.33,12.65,40,True,2024-05-06,1,30.88,Exhaust,False,True,2024-06-17,B
CAT,2,2024-06-24,2024-06-25,320.63,319.31,6,-47.89,-2.46,1,False,,0,0.19,Rotation,True,False,,B
RL,2,2024-06-25,2024-06-28,180.0,167.14,11,-181.38,-9.07,3,False,,0,0.0,ATR,False,False,,B
GM,2,2024-07-03,2024-07-08,46.17,45.99,41,-47.25,-2.47,2,False,,0,0.0,Rotation,True,False,,B
MU,2,2024-07-08,2024-07-19,130.49,115.98,14,-243.15,-13.17,9,False,,0,3.88,ATR,False,False,,B
SLV,1,2024-06-24,2024-07-22,27.06,26.44,78,-88.36,-4.15,19,True,2024-07-11,0,5.99,ATR,False,False,,B
PANW,2,2024-07-26,2024-07-31,161.62,160.32,11,-54.19,-3.01,3,False,,0,1.11,Rotation,True,False,,B
TXN,2,2024-07-31,2024-08-05,195.46,176.48,9,-210.79,-11.85,3,False,,0,0.0,ATR,False,False,,B
AAPL,1,2024-07-26,2024-08-07,217.02,205.31,8,-133.68,-7.61,8,False,,0,1.55,ATR,False,False,,B
NFLX,1,2024-08-07,2024-08-08,61.61,62.2,26,-24.61,-1.52,1,False,,0,0.0,Rotation,True,False,,B
MO,2,2024-08-08,2024-09-09,43.91,47.41,36,86.18,5.38,21,True,2024-08-22,0,10.01,Exhaust,False,True,2024-08-26,B
PXD,1,2024-08-08,2024-09-09,44.64,48.21,35,84.73,5.35,21,True,2024-08-22,0,10.01,Exhaust,False,True,2024-08-26,B
VGT,1,2024-09-09,2024-09-11,66.75,67.89,25,-11.39,-0.67,2,False,,0,1.37,Rotation,True,False,,B
SLV,2,2024-09-10,2024-09-12,25.96,26.64,65,4.2,0.25,2,False,,0,0.62,Rotation,True,False,,B
AAPL,2,2024-09-12,2024-09-13,221.05,222.12,7,-32.49,-2.07,1,False,,0,0.12,Rotation,True,False,,B
TXN,2,2024-09-16,2024-09-17,189.97,190.66,8,-34.49,-2.24,1,False,,0,0.0,Rotation,True,False,,B
FTNT,2,2024-09-17,2024-10-18,76.1,80.51,21,52.61,3.25,23,True,2024-10-09,0,8.9,Exhaust,False,True,2024-10-10,B
MCHI,2,2024-10-22,2024-11-11,48.11,47.81,34,-50.12,-3.03,14,False,,0,4.41,Rotation,True,False,,B
NFLX,1,2024-09-11,2024-11-26,67.75,86.75,24,416.07,25.28,54,True,2024-09-19,0,32.52,Exhaust,False,True,2024-11-11,B
VTR,2,2024-11-11,2024-12-06,62.29,59.7,26,-107.32,-6.55,18,False,,0,0.0,Rotation,True,False,,B
ORCL,2,2024-12-06,2024-12-11,184.03,175.17,9,-119.71,-7.14,3,True,2024-12-09,0,2.51,ATR,False,False,,B
ZS,2,2024-12-11,2024-12-12,204.55,207.62,8,-15.44,-0.93,1,False,,0,1.65,Rotation,True,False,,B
PANW,1,2024-12-03,2024-12-23,194.04,187.3,9,-100.62,-5.7,14,True,2024-12-09,0,4.59,ATR,False,False,,B
KEYS,1,2024-12-23,2024-12-27,162.16,163.15,10,-30.1,-1.83,3,False,,0,1.52,Rotation,True,False,,B
VTR,1,2024-12-30,2024-12-31,56.24,56.7,29,-26.52,-1.61,1,False,,0,0.0,Rotation,True,False,,B
VFC,1,2025-01-08,2025-02-04,20.84,23.93,78,200.49,12.18,17,True,2025-01-13,0,25.66,Exhaust,False,True,2025-01-21,B
CTRA,1,2025-02-04,2025-02-10,26.55,26.41,66,-48.86,-2.76,4,False,,0,1.59,Rotation,True,False,,B
WFC,2,2024-12-12,2025-02-14,70.01,77.55,24,140.95,8.29,42,True,2025-01-15,0,13.27,Exhaust,False,True,2025-01-30,B
MMC,2,2025-02-14,2025-02-18,80.16,79.71,22,-50.04,-2.81,1,False,,0,0.0,Rotation,True,False,,B
AMZN,2,2025-02-18,2025-02-19,228.82,225.52,7,-63.1,-3.89,1,False,,0,0.0,Rotation,True,False,,B
CCL,2,2025-02-19,2025-02-24,25.41,23.61,68,-162.51,-9.3,3,False,,0,2.19,ATR,False,False,,B
SCHW,2,2025-02-25,2025-02-27,79.25,78.04,20,-64.3,-4.01,2,False,,0,0.0,Rotation,True,False,,B
VFC,1,2025-02-11,2025-03-05,22.85,21.98,76,-105.79,-6.02,15,True,2025-02-18,0,12.9,ATR,False,False,,B
HLT,2,2025-03-03,2025-03-07,264.32,249.56,5,-113.79,-8.48,4,False,,0,0.0,ATR,False,False,,B
RL,1,2025-03-05,2025-03-10,249.47,222.74,6,-200.43,-13.21,3,False,,0,0.0,ATR,False,False,,B
ES,1,2025-03-12,2025-03-13,57.34,57.02,24,-47.8,-3.42,1,False,,0,0.0,Rotation,True,False,,B
FTNT,2,2025-03-07,2025-03-14,102.0,94.64,14,-143.04,-9.88,5,False,,0,0.0,ATR,False,False,,B
AEP,1,2025-03-13,2025-03-17,99.49,102.26,13,-4.02,-0.31,2,False,,0,2.67,Rotation,True,False,,B
XEL,2,2025-03-14,2025-03-19,66.01,68.02,20,0.13,0.01,3,False,,0,3.2,Rotation,True,False,,B
PM,1,2025-03-17,2025-04-07,146.33,142.13,9,-77.75,-5.82,15,True,2025-03-31,0,6.97,ATR,False,False,,B
T,2,2025-03-19,2025-04-07,25.27,23.87,52,-112.47,-8.43,13,True,2025-03-27,0,7.32,ATR,False,False,,B
MNST,2,2025-04-14,2025-07-10,58.2,59.57,21,-11.23,-0.9,59,True,2025-05-09,0,10.38,ATR,False,False,,B
T,1,2025-04-14,2025-07-14,25.52,26.15,48,-9.65,-0.77,61,True,2025-06-10,0,8.67,ATR,False,False,,B
MU,1,2025-07-15,2025-07-23,120.76,109.28,10,-154.83,-12.61,6,False,,0,0.0,ATR,False,False,,B
NFLX,2,2025-07-18,2025-07-24,124.2,117.78,9,-97.74,-8.59,4,False,,0,0.0,ATR,False,False,,B
AMAT,2,2025-07-28,2025-08-01,187.87,175.53,5,-101.67,-10.6,4,False,,0,0.67,ATR,False,False,,B
F,1,2025-07-24,2025-08-06,10.91,10.72,101,-59.49,-5.3,9,False,,0,1.41,Rotation,True,False,,B
MPC,2,2025-08-01,2025-08-11,165.21,159.96,6,-71.49,-7.07,6,False,,0,0.67,Rotation,True,False,,B
BKR,2,2025-08-15,2025-08-18,42.99,42.41,22,-52.87,-5.47,1,False,,0,0.0,Rotation,True,False,,B
HSY,2,2025-08-18,2025-08-19,176.01,176.55,5,-37.29,-4.14,1,False,,0,0.0,Rotation,True,False,,B
BKR,2,2025-08-20,2025-08-21,42.81,42.55,21,-45.62,-4.96,1,False,,0,0.0,Rotation,True,False,,B
ANET,2,2025-08-27,2025-09-15,134.24,139.6,6,-7.84,-0.95,12,True,2025-09-05,0,14.0,Exhaust,False,True,2025-09-10,B
DVN,2,2025-09-15,2025-09-18,34.19,35.19,25,-15.04,-1.72,3,False,,0,2.37,Rotation,True,False,,B
NFLX,1,2025-08-08,2025-10-02,118.32,116.15,8,-57.35,-5.93,38,True,2025-08-13,0,6.77,ATR,False,False,,B
EBAY,2,2025-09-24,2025-10-02,91.2,86.47,9,-82.55,-9.82,6,False,,0,1.67,ATR,False,False,,B
NUE,2,2025-10-20,2025-10-22,133.64,138.26,6,-12.29,-1.5,2,False,,0,4.44,Rotation,True,False,,B
MS,1,2025-10-09,2025-11-21,153.79,158.9,5,-14.43,-1.83,31,True,2025-10-15,0,9.88,ATR,False,False,,B
SLB,1,2025-11-25,2025-12-04,35.33,37.28,23,4.83,0.58,6,False,,0,5.66,Rotation,True,False,,B
SLV,2,2025-10-29,2025-12-05,43.84,52.71,34,106.54,6.4,26,True,2025-11-12,1,21.19,Exhaust,False,True,2025-12-01,B
DVN,2,2025-12-23,2025-12-24,36.39,36.02,24,-48.83,-5.47,1,False,,0,0.0,Rotation,True,False,,B
BIIB,1,2025-12-17,2026-01-15,171.43,169.03,5,-52.0,-5.93,19,True,2026-01-06,0,9.44,ATR,False,False,,B
INTC,2,2025-12-26,2026-01-20,36.17,47.3,40,161.14,9.42,15,True,2026-01-02,1,34.7,Exhaust,False,True,2026-01-14,B
MCHP,2,2026-01-28,2026-02-02,79.35,74.35,11,-95.01,-10.64,3,False,,0,0.58,Exhaust,False,True,2026-01-28,B
NVDA,1,2026-01-20,2026-02-05,181.89,174.92,5,-74.85,-8.05,12,True,2026-01-28,0,5.83,ATR,False,False,,B
CAG,2,2026-02-25,2026-02-26,18.92,18.76,43,-46.88,-5.62,1,False,,0,0.0,Rotation,True,False,,B
WMT,2,2026-02-26,2026-02-27,125.72,125.26,6,-42.75,-5.52,1,False,,0,0.0,Rotation,True,False,,B
ES,1,2026-02-06,2026-03-20,67.84,68.9,12,-27.31,-3.27,29,True,2026-02-12,0,11.16,ATR,False,False,,B
DOW,2,2026-03-02,2026-03-23,30.7,35.92,45,25.38,1.62,15,True,2026-03-05,1,22.77,Exhaust,False,True,2026-03-12,B
UPS,2,2026-03-26,2026-03-30,97.89,96.12,7,-52.39,-7.43,2,False,,0,0.0,Rotation,True,False,,B
BDX,1,2026-03-26,2026-04-06,156.83,153.59,5,-56.2,-6.99,6,False,,0,0.35,Rotation,True,False,,B
MNST,2,2026-04-01,2026-04-07,72.42,73.94,9,-26.32,-3.92,3,False,,0,2.4,Rotation,True,False,,B
CL,2,2026-04-15,2026-04-16,83.48,82.75,8,-45.88,-6.67,1,False,,0,0.0,Rotation,True,False,,B
DOW,2,2026-04-16,2026-04-20,39.5,36.04,17,-98.74,-14.28,2,False,,0,1.06,ATR,False,False,,B
EEM,1,2026-04-06,2026-04-27,56.95,63.64,12,40.28,5.73,15,True,2026-04-08,0,11.92,End,False,False,,B
HAL,2,2026-04-20,2026-04-27,36.97,40.13,15,7.4,1.29,5,True,2026-04-23,0,9.17,End,False,False,,B
