ticker,slot,entry_date,exit_date,entry_price,exit_price,shares,pnl_€,ret_%,hold_d,earned_mode,earned_date,pyramid_count,max_unreal_%,exit_reason,exit_type,is_rotation,partial_exit_date,partial_exit_px,partial_exit_ret,setup
TLT,1,2020-02-28,2020-03-11,128.91,138.28,38,316.0,6.42,8,True,2020-03-03,0,11.07,ATR,Full,False,,,,A
IEF,2,2020-02-28,2020-03-11,100.76,103.8,49,108.84,2.2,8,True,2020-03-02,0,4.05,ATR,Full,False,,,,A
ECL,2,2020-05-29,2020-06-12,198.25,195.62,26,-108.28,-2.09,10,True,2020-06-05,0,8.86,ATR,Full,False,,,,A
LQD,2,2020-06-16,2020-06-22,109.28,108.55,46,-73.54,-1.46,4,False,,0,0.0,Rotation,Full,True,,,,A
KEYS,1,2020-05-21,2020-07-08,102.4,100.42,50,-139.0,-2.7,32,False,,0,5.6,Rotation,Full,True,,,,A
APD,1,2020-07-08,2020-07-09,231.66,235.68,21,44.37,0.91,1,False,,0,1.27,Rotation,Full,True,,,,A
MRVL,1,2020-07-09,2020-07-24,36.96,33.98,136,-445.32,-8.82,11,False,,0,1.27,ATR,Full,False,,,,A
HOLX,2,2020-06-22,2020-08-11,55.01,66.34,92,1002.36,19.73,35,True,2020-07-02,0,33.28,ATR,Full,False,,,,A
NKE,2,2020-08-11,2020-08-12,98.43,97.39,54,-96.21,-1.8,1,False,,0,0.0,Rotation,Full,True,,,,A
MPWR,1,2020-07-30,2020-09-08,250.77,236.03,18,-305.42,-6.74,27,True,2020-08-06,0,8.21,ATR,Full,False,,,,A
ALB,2,2020-08-12,2020-09-24,87.06,75.08,60,-759.15,-14.48,30,True,2020-09-15,0,8.18,ATR,Full,False,,,,A
NKE,2,2020-09-24,2020-10-23,116.73,120.02,39,88.18,1.93,21,False,,0,3.59,Rotation,Full,True,,,,A
CAT,1,2020-09-10,2020-10-28,136.8,139.26,36,48.43,0.98,34,True,2020-10-12,0,11.61,ATR,Full,False,,,,A
CL,1,2020-11-04,2020-11-05,73.19,74.42,65,39.91,0.84,1,False,,0,0.61,Rotation,Full,True,,,,A
MPWR,1,2020-11-05,2020-11-10,328.95,302.33,14,-412.59,-8.92,3,False,,0,4.36,ATR,Full,False,,,,A
ALGN,2,2020-10-23,2020-11-20,451.34,443.39,10,-119.5,-2.64,20,True,2020-11-05,0,8.99,ATR,Full,False,,,,A
COST,2,2020-12-01,2020-12-07,363.31,353.64,12,-155.99,-3.56,4,False,,0,0.8,Rotation,Full,True,,,,A
CAT,2,2020-12-07,2020-12-31,163.34,163.21,26,-43.3,-1.01,17,False,,0,0.75,Rotation,Full,True,,,,A
FCX,2,2020-12-31,2021-01-27,24.73,24.29,174,-117.8,-2.72,17,True,2021-01-05,0,20.49,ATR,Full,False,,,,A
ON,1,2020-11-10,2021-01-28,27.5,35.35,168,1278.8,27.56,53,True,2020-11-27,0,40.07,ATR,Full,False,,,,A
CPB,1,2021-01-28,2021-01-29,42.74,40.14,118,-346.48,-6.84,1,False,,0,0.0,ATR,Full,False,,,,A
MSFT,2,2021-01-27,2021-02-05,227.85,231.9,18,32.89,0.8,7,False,,0,2.1,Rotation,Full,True,,,,A
ABT,1,2021-01-29,2021-02-09,109.07,113.22,44,142.78,2.96,7,False,,0,3.53,Rotation,Full,True,,,,A
DIS,1,2021-02-09,2021-03-29,183.84,180.98,26,-114.43,-2.38,33,True,2021-02-24,0,7.3,ATR,Full,False,,,,A
EWL,1,2021-04-09,2021-04-14,41.64,41.7,117,-33.64,-0.69,3,False,,0,0.5,Rotation,Full,True,,,,A
EWQ,1,2021-04-14,2021-04-15,31.13,31.29,156,-14.64,-0.3,1,False,,0,0.05,Rotation,Full,True,,,,A
WFC,1,2021-04-15,2021-06-11,37.46,40.28,130,327.63,6.7,40,True,2021-04-19,0,14.02,ATR,Full,False,,,,A
HCA,2,2021-02-05,2021-06-21,171.6,194.96,28,614.1,12.73,93,True,2021-03-09,0,20.6,ATR,Full,False,,,,A
LQD,2,2021-06-21,2021-06-25,111.08,111.16,48,-36.41,-0.68,4,False,,0,0.06,Rotation,Full,True,,,,A
SPGI,2,2021-06-25,2021-07-13,394.91,394.87,13,-40.62,-0.79,11,False,,0,2.03,Rotation,Full,True,,,,A
ADBE,1,2021-06-11,2021-09-21,529.75,646.88,9,1014.17,21.18,70,True,2021-06-14,0,25.83,ATR,Full,False,,,,A
ALB,2,2021-07-13,2021-09-21,175.62,206.9,30,898.24,16.98,49,True,2021-07-21,0,31.27,ATR,Full,False,,,,A
BKNG,2,2021-09-23,2021-09-24,94.66,96.3,66,68.15,1.09,1,False,,0,2.69,Rotation,Full,True,,,,A
COP,1,2021-09-23,2021-11-22,52.87,59.5,118,742.58,11.86,42,True,2021-09-27,0,23.74,ATR,Full,False,,,,A
CRM,2,2021-09-24,2021-11-24,274.47,281.9,22,123.48,2.04,43,True,2021-10-14,0,11.3,ATR,Full,False,,,,A
ADBE,1,2021-11-22,2021-11-24,696.28,655.83,9,-404.05,-6.43,2,False,,0,0.0,ATR,Full,False,,,,A
SJM,2,2021-11-24,2021-11-30,115.86,111.03,56,-310.67,-4.77,3,False,,0,0.0,Rotation,Full,True,,,,A
ABBV,1,2021-11-24,2021-12-01,100.69,98.23,64,-197.47,-3.05,4,False,,0,0.0,ATR,Full,False,,,,A
TLT,1,2021-12-02,2021-12-06,131.17,132.13,47,5.15,0.08,2,False,,0,0.93,Rotation,Full,True,,,,A
NEE,2,2021-11-30,2022-01-07,78.47,76.44,80,-202.56,-3.22,27,True,2021-12-08,0,6.03,ATR,Full,False,,,,A
MRVL,1,2021-12-06,2022-01-10,82.07,79.77,76,-214.93,-3.43,24,True,2021-12-07,0,9.58,ATR,Full,False,,,,A
VFH,1,2022-01-10,2022-01-19,93.31,90.89,64,-194.56,-3.25,6,False,,0,0.14,ATR,Full,False,,,,A
ABBV,1,2022-01-19,2022-01-24,116.93,113.86,50,-193.87,-3.3,3,False,,0,0.0,ATR,Full,False,,,,A
MET,2,2022-01-07,2022-01-28,58.65,57.27,104,-183.49,-3.0,14,False,,0,2.44,Rotation,Full,True,,,,A
MDLZ,1,2022-01-24,2022-01-31,61.28,59.19,92,-233.12,-4.12,5,False,,0,0.0,ATR,Full,False,,,,A
VRTX,1,2022-01-31,2022-02-15,240.87,231.88,23,-246.77,-4.44,11,True,2022-02-02,0,5.27,ATR,Full,False,,,,A
BMY,1,2022-02-16,2022-02-18,56.79,56.47,94,-70.72,-1.32,2,False,,0,0.0,Rotation,Full,True,,,,A
CVS,2,2022-01-28,2022-02-23,91.95,88.38,62,-261.25,-4.57,17,False,,0,3.89,ATR,Full,False,,,,A
NEM,1,2022-02-18,2022-03-01,59.58,59.17,89,-76.97,-1.45,6,False,,0,1.25,Rotation,Full,True,,,,A
DVN,1,2022-03-01,2022-03-15,48.92,41.85,109,-810.71,-15.15,10,False,,0,0.95,ATR,Full,False,,,,A
CVX,2,2022-02-28,2022-04-25,118.59,132.61,45,590.73,11.03,39,True,2022-03-01,0,24.86,ATR,Full,False,,,,A
REGN,1,2022-03-15,2022-04-25,655.83,680.11,6,105.66,2.67,28,True,2022-03-21,0,11.9,ATR,Full,False,,,,A
XOM,2,2022-05-05,2022-05-10,80.2,74.62,65,-402.49,-7.69,3,False,,0,0.0,ATR,Full,False,,,,A
CPB,1,2022-04-29,2022-05-19,41.14,39.22,128,-285.53,-5.4,14,True,2022-05-06,0,6.97,ATR,Full,False,,,,A
MCD,2,2022-07-27,2022-07-28,234.71,237.47,21,17.81,0.36,1,False,,0,1.21,Rotation,Full,True,,,,A
TMUS,2,2022-07-28,2022-09-08,136.01,140.19,36,110.57,2.25,29,False,,0,3.97,Rotation,Full,True,,,,A
GIS,1,2022-06-30,2022-09-14,63.38,63.92,78,2.0,0.04,52,True,2022-08-09,0,6.77,ATR,Full,False,,,,A
ENPH,2,2022-09-08,2022-09-23,315.0,279.03,15,-579.55,-12.21,11,False,,0,1.78,ATR,Full,False,,,,A
GIS,1,2022-09-22,2022-10-03,69.17,66.47,72,-234.39,-4.69,7,False,,0,0.74,ATR,Full,False,,,,A
VRTX,1,2022-10-25,2022-10-28,312.0,302.0,14,-180.0,-4.1,3,False,,0,0.0,ATR,Full,False,,,,A
TMUS,1,2022-10-31,2022-12-01,144.22,146.4,31,27.36,0.61,22,False,,0,1.52,Rotation,Full,True,,,,A
GIS,1,2022-12-01,2023-01-09,74.04,74.51,61,-11.45,-0.25,25,False,,0,2.71,Rotation,Full,True,,,,A
LLY,2,2022-09-29,2023-01-10,324.68,340.24,13,162.26,3.83,70,True,2022-10-26,0,12.53,ATR,Full,False,,,,A
SYK,2,2023-01-10,2023-01-31,252.84,241.3,18,-247.68,-5.42,14,False,,0,1.08,ATR,Full,False,,,,A
SBUX,1,2023-01-09,2023-02-06,98.41,96.09,45,-144.77,-3.25,19,True,2023-02-01,0,3.26,ATR,Full,False,,,,A
FTV,1,2023-02-06,2023-02-07,50.94,51.04,86,-31.05,-0.71,1,False,,0,0.58,Rotation,Full,True,,,,A
AME,1,2023-02-07,2023-02-08,142.73,143.47,30,-17.97,-0.42,1,False,,0,0.64,Rotation,Full,True,,,,A
ITW,2,2023-02-01,2023-02-22,218.72,217.08,20,-72.81,-1.66,14,True,2023-02-02,0,6.16,ATR,Full,False,,,,A
DD,1,2023-02-08,2023-02-22,30.28,28.66,144,-274.4,-6.26,9,False,,0,0.0,ATR,Full,False,,,,A
CRM,2,2023-03-03,2023-03-09,185.35,180.45,22,-147.76,-3.61,4,False,,0,0.0,Rotation,Full,True,,,,A
LIN,1,2023-02-27,2023-03-10,331.81,331.76,12,-40.69,-1.02,9,False,,0,4.66,Rotation,Full,True,,,,A
ANET,2,2023-03-09,2023-04-21,37.2,38.86,111,144.26,3.48,30,True,2023-03-16,0,13.85,ATR,Full,False,,,,A
CL,2,2023-04-21,2023-04-24,71.9,71.53,58,-61.61,-1.47,1,False,,0,0.0,Rotation,Full,True,,,,A
GE,1,2023-03-10,2023-04-27,72.19,76.22,56,185.24,4.56,33,True,2023-04-03,0,8.98,ATR,Full,False,,,,A
PG,2,2023-04-24,2023-04-28,144.68,145.67,28,-12.33,-0.3,4,False,,0,0.81,Rotation,Full,True,,,,A
MSFT,1,2023-04-27,2023-07-27,289.12,333.33,14,578.9,14.23,62,True,2023-05-05,0,21.73,ATR,Full,False,,,,A
GOOGL,1,2023-07-27,2023-07-28,130.59,129.71,34,-70.01,-1.57,1,False,,0,0.0,Rotation,Full,True,,,,A
ANSS,1,2023-07-28,2023-08-14,69.19,63.42,64,-409.65,-9.21,11,False,,0,1.54,ATR,Full,False,,,,A
META,2,2023-04-28,2023-08-17,237.15,290.77,17,871.53,21.51,76,True,2023-05-22,0,36.18,ATR,Full,False,,,,A
OXY,1,2023-08-14,2023-08-17,62.44,60.34,68,-182.51,-4.28,3,False,,0,0.0,Rotation,Full,True,,,,A
PGR,1,2023-08-17,2023-08-21,124.85,122.6,36,-120.99,-2.68,2,False,,0,0.0,Rotation,Full,True,,,,A
ROST,1,2023-08-21,2023-08-30,115.31,117.64,38,48.65,1.11,7,False,,0,2.75,Rotation,Full,True,,,,A
TJX,2,2023-08-17,2023-09-22,86.21,86.26,54,-37.39,-0.8,25,True,2023-08-30,0,5.09,ATR,Full,False,,,,A
GOOG,1,2023-08-30,2023-09-27,134.47,128.39,33,-240.64,-5.4,19,False,,0,2.52,ATR,Full,False,,,,A
XOM,1,2023-09-28,2023-10-05,110.17,100.82,40,-413.89,-9.35,5,False,,0,0.0,ATR,Full,False,,,,A
GD,2,2023-10-10,2023-10-11,228.51,225.0,18,-103.24,-2.5,1,False,,0,0.0,Rotation,Full,True,,,,A
CDNS,2,2023-10-11,2023-10-25,250.32,237.04,16,-252.48,-6.27,10,False,,0,1.06,ATR,Full,False,,,,A
AIG,2,2023-11-03,2023-12-01,60.66,62.24,64,61.3,1.57,19,False,,0,2.83,Rotation,Full,True,,,,A
PSX,2,2023-12-01,2024-01-11,118.95,120.28,33,3.99,0.1,27,True,2023-12-20,0,5.64,ATR,Full,False,,,,A
CRWD,1,2023-10-09,2024-02-22,176.5,304.93,24,3042.32,71.48,93,True,2023-10-11,0,89.55,ATR,Full,False,,,,A
CTRA,1,2024-02-22,2024-02-23,23.96,24.43,234,68.62,1.22,1,False,,0,2.01,Rotation,Full,True,,,,A
AVGO,1,2024-02-23,2024-03-12,127.67,127.54,44,-45.88,-0.81,12,True,2024-03-01,0,7.54,ATR,Full,False,,,,A
XLB,1,2024-03-12,2024-03-15,43.31,43.22,130,-51.22,-0.91,3,False,,0,0.99,Rotation,Full,True,,,,A
MSFT,1,2024-03-15,2024-03-18,412.95,407.99,13,-104.53,-1.94,1,False,,0,0.0,Rotation,Full,True,,,,A
ISRG,2,2024-01-11,2024-04-16,364.45,376.63,10,81.8,2.23,65,True,2024-01-24,0,9.92,ATR,Full,False,,,,A
PSX,1,2024-03-18,2024-04-16,148.62,149.93,37,8.3,0.15,20,True,2024-04-02,0,8.34,ATR,Full,False,,,,A
ELV,1,2024-04-19,2024-04-25,514.15,516.34,10,-18.09,-0.35,4,False,,0,0.2,Rotation,Full,True,,,,A
AXP,2,2024-04-22,2024-06-10,227.06,226.98,24,-41.88,-0.77,34,True,2024-05-10,0,4.76,ATR,Full,False,,,,A
BSX,1,2024-04-25,2024-07-19,73.13,76.9,76,246.52,4.42,58,True,2024-05-20,0,6.85,ATR,Full,False,,,,A
ALL,1,2024-07-19,2024-07-22,171.64,169.67,33,-105.08,-1.85,1,False,,0,0.0,Rotation,Full,True,,,,A
AAPL,2,2024-06-12,2024-07-25,205.78,217.25,27,269.72,4.84,29,True,2024-06-12,0,13.24,ATR,Full,False,,,,A
ISRG,1,2024-07-22,2024-07-26,462.33,438.6,12,-324.76,-5.83,4,False,,0,0.0,ATR,Full,False,,,,A
RTX,1,2024-07-26,2024-09-09,110.32,116.44,51,272.04,4.82,30,True,2024-08-15,0,8.81,ATR,Full,False,,,,A
ABBV,2,2024-07-26,2024-10-18,173.01,179.64,32,172.13,3.1,59,True,2024-08-02,0,8.67,ATR,Full,False,,,,A
TRV,2,2024-10-18,2024-10-23,262.77,252.71,22,-261.23,-4.5,3,False,,0,0.0,Rotation,Full,True,,,,A
PM,2,2024-10-23,2024-11-07,123.07,119.8,46,-190.26,-3.35,11,False,,0,2.17,ATR,Full,False,,,,A
ORCL,2,2024-11-07,2024-12-11,178.2,175.17,30,-130.93,-2.44,23,True,2024-11-08,0,6.27,ATR,Full,False,,,,A
T,1,2024-09-09,2024-12-19,19.37,21.07,296,463.18,8.05,72,True,2024-09-09,0,15.39,ATR,Full,False,,,,A
BLK,2,2024-12-12,2024-12-19,1040.94,1013.97,5,-174.82,-3.35,5,False,,0,0.0,ATR,Full,False,,,,A
EBAY,2,2025-01-10,2025-01-15,67.45,63.64,84,-359.94,-6.33,3,False,,0,0.0,ATR,Full,False,,,,A
ISRG,2,2025-01-16,2025-02-26,582.6,570.85,9,-145.75,-2.77,27,True,2025-01-22,0,4.78,ATR,Full,False,,,,A
PXD,2,2025-02-26,2025-03-03,52.04,52.07,102,-37.15,-0.7,3,False,,0,0.14,Rotation,Full,True,,,,A
RL,1,2025-01-07,2025-03-05,240.06,249.47,23,176.54,3.19,38,True,2025-01-23,0,17.63,ATR,Full,False,,,,A
EWL,1,2025-03-05,2025-03-06,51.9,51.5,106,-82.65,-1.5,1,False,,0,0.0,Rotation,Full,True,,,,A
V,2,2025-03-03,2025-03-07,360.3,338.34,14,-347.52,-6.86,4,False,,0,0.0,ATR,Full,False,,,,A
FAST,2,2025-03-07,2025-03-14,37.93,36.43,135,-241.64,-4.7,5,True,2025-03-10,0,3.27,ATR,Full,False,,,,A
EWG,1,2025-03-06,2025-04-01,38.01,36.62,143,-238.33,-4.37,18,False,,0,1.73,ATR,Full,False,,,,A
GLD,2,2025-03-14,2025-04-07,276.27,278.86,17,4.03,0.09,16,True,2025-03-28,0,4.3,ATR,Full,False,,,,A
TLT,2,2025-04-07,2025-04-09,87.89,83.48,57,-291.36,-5.79,2,False,,0,0.0,ATR,Full,False,,,,A
EXC,1,2025-04-01,2025-04-10,44.19,42.81,114,-197.42,-3.9,7,True,2025-04-03,0,3.21,ATR,Full,False,,,,A
GLD,1,2025-04-11,2025-05-15,297.96,294.1,16,-101.76,-2.13,23,True,2025-04-16,0,5.92,ATR,Full,False,,,,A
HYG,2,2025-05-13,2025-05-21,75.28,74.99,63,-57.92,-1.22,6,False,,0,0.11,Rotation,Full,True,,,,A
D,2,2025-05-21,2025-06-02,55.12,54.52,85,-91.03,-1.93,7,False,,0,0.0,Rotation,Full,True,,,,A
CME,2,2025-06-02,2025-06-05,277.48,267.64,16,-197.49,-4.43,3,False,,0,0.91,ATR,Full,False,,,,A
MNST,1,2025-05-19,2025-07-10,62.85,59.57,75,-286.0,-6.04,35,False,,0,2.21,ATR,Full,False,,,,A
SLV,1,2025-07-14,2025-07-28,35.22,34.65,126,-111.82,-2.51,10,False,,0,1.42,Rotation,Full,True,,,,A
EWY,2,2025-06-05,2025-08-04,63.89,70.79,69,435.76,9.84,40,True,2025-06-12,0,13.07,ATR,Full,False,,,,A
NEM,1,2025-07-28,2025-10-22,64.29,82.68,67,1192.4,27.56,61,True,2025-08-07,0,52.11,ATR,Full,False,,,,A
K,1,2025-10-22,2025-10-27,70.38,68.82,73,-153.75,-2.98,3,False,,0,0.0,Rotation,Full,True,,,,A
GD,1,2025-10-27,2025-10-29,350.71,342.27,14,-158.25,-3.21,2,False,,0,0.0,Rotation,Full,True,,,,A
MPWR,2,2025-08-04,2025-11-05,787.12,957.5,5,811.92,20.53,66,True,2025-08-13,0,39.87,ATR,Full,False,,,,A
CTRA,2,2025-11-05,2025-11-06,25.4,25.6,214,4.24,0.08,1,False,,0,0.0,Rotation,Full,True,,,,A
NVDA,1,2025-10-29,2025-11-07,207.96,184.88,24,-593.86,-11.85,7,False,,0,0.0,ATR,Full,False,,,,A
MAR,1,2025-11-10,2025-11-18,290.87,282.01,17,-190.65,-3.84,6,False,,0,0.0,Rotation,Full,True,,,,A
AMGN,2,2025-11-06,2025-12-10,314.66,314.07,17,-49.96,-0.93,23,True,2025-11-11,0,9.03,ATR,Full,False,,,,A
EWL,2,2025-12-11,2025-12-16,58.47,59.29,86,30.52,0.6,3,False,,0,1.01,Rotation,Full,True,,,,A
HOLX,2,2025-12-16,2025-12-19,75.06,75.0,67,-44.02,-0.87,3,False,,0,0.0,Rotation,Full,True,,,,A
JNJ,1,2025-11-18,2026-01-06,196.71,203.52,24,123.43,2.6,32,True,2025-11-21,0,8.3,ATR,Full,False,,,,A
AMAT,1,2026-01-06,2026-02-05,285.07,299.7,17,208.57,4.29,21,True,2026-01-09,0,19.59,ATR,Full,False,,,,A
UPS,1,2026-02-05,2026-02-06,114.4,114.7,45,-26.69,-0.52,1,False,,0,0.47,Rotation,Full,True,,,,A
FDX,2,2025-12-19,2026-03-09,270.96,351.61,18,1411.67,28.83,52,True,2025-12-19,0,42.79,ATR,Full,False,,,,A
TPR,1,2026-02-06,2026-03-13,145.04,143.54,35,-92.54,-1.82,24,True,2026-02-09,0,10.36,ATR,Full,False,,,,A
CVX,2,2026-03-13,2026-04-02,196.0,202.51,29,148.79,2.61,14,True,2026-03-20,0,7.73,ATR,Full,False,,,,A
DVN,1,2026-03-13,2026-04-13,45.52,48.33,128,319.68,5.47,20,True,2026-03-19,0,14.39,ATR,Full,False,,,,A
NEE,1,2026-04-24,2026-04-27,97.24,94.83,62,-189.42,-3.13,1,False,,0,0.0,End,Full,False,,,,A
TLT,1,2020-02-28,2020-03-11,128.91,138.28,38,316.0,6.42,8,True,2020-03-03,0,11.07,ATR,Full,False,,,,B
IEF,2,2020-02-28,2020-03-11,100.76,103.8,49,108.84,2.2,8,True,2020-03-02,0,4.05,ATR,Full,False,,,,B
ECL,2,2020-05-29,2020-06-12,198.25,195.62,26,-108.28,-2.09,10,True,2020-06-05,0,8.86,ATR,Full,False,,,,B
LQD,2,2020-06-16,2020-06-22,109.28,108.55,46,-73.54,-1.46,4,False,,0,0.0,Rotation,Full,True,,,,B
KEYS,1,2020-05-21,2020-07-08,102.4,100.42,50,-139.0,-2.7,32,False,,0,5.6,Rotation,Full,True,,,,B
APD,1,2020-07-08,2020-07-09,231.66,235.68,21,44.37,0.91,1,False,,0,1.27,Rotation,Full,True,,,,B
MRVL,1,2020-07-09,2020-07-24,36.96,33.98,136,-445.32,-8.82,11,False,,0,1.27,ATR,Full,False,,,,B
HOLX,2,2020-06-22,2020-08-11,55.01,66.34,92,1002.36,19.73,35,True,2020-07-02,0,33.28,ATR,Full,False,,,,B
NKE,2,2020-08-11,2020-08-12,98.43,97.39,54,-96.21,-1.8,1,False,,0,0.0,Rotation,Full,True,,,,B
MPWR,1,2020-07-30,2020-09-08,250.77,236.03,18,-305.42,-6.74,27,True,2020-08-06,0,8.21,ATR,Full,False,,,,B
ALB,2,2020-08-12,2020-09-24,87.06,75.08,60,-759.15,-14.48,30,True,2020-09-15,0,8.18,ATR,Full,False,,,,B
CAT,1,2020-09-10,2020-10-20,136.8,151.37,18,232.27,9.39,28,True,2020-10-12,0,11.01,Partial_50,Partial_50,False,,,,B
NKE,2,2020-09-24,2020-10-23,116.73,120.02,39,88.18,1.93,21,False,,0,3.59,Rotation,Full,True,,,,B
CAT,1,2020-09-10,2020-10-28,136.8,139.26,18,14.22,0.57,34,True,2020-10-12,0,11.61,ATR,Runner,False,2020-10-20,151.37361700315017,9.39,B
CL,1,2020-11-04,2020-11-05,73.19,74.42,67,42.36,0.86,1,False,,0,0.61,Rotation,Full,True,,,,B
MPWR,1,2020-11-05,2020-11-10,328.95,302.33,14,-412.59,-8.92,3,False,,0,4.36,ATR,Full,False,,,,B
ALGN,2,2020-10-23,2020-11-20,451.34,443.39,10,-119.5,-2.64,20,True,2020-11-05,0,8.99,ATR,Full,False,,,,B
COST,2,2020-12-01,2020-12-07,363.31,353.64,12,-155.99,-3.56,4,False,,0,0.8,Rotation,Full,True,,,,B
CAT,2,2020-12-07,2020-12-31,163.34,163.21,27,-43.42,-0.98,17,False,,0,0.75,Rotation,Full,True,,,,B
ON,1,2020-11-10,2021-01-05,27.5,32.52,85,396.76,16.9,37,True,2020-11-27,0,19.02,Partial_50,Partial_50,False,,,,B
FCX,2,2020-12-31,2021-01-11,24.73,27.5,89,216.29,9.78,6,True,2021-01-05,0,17.4,Partial_50,Partial_50,False,,,,B
FCX,2,2020-12-31,2021-01-27,24.73,24.29,90,-70.3,-3.14,17,True,2021-01-05,0,20.49,ATR,Runner,False,2021-01-11,27.499099045661346,9.78,B
ON,1,2020-11-10,2021-01-28,27.5,35.35,86,645.04,27.16,53,True,2020-11-27,0,40.07,ATR,Runner,False,2021-01-05,32.52000045776367,16.9,B
CPB,1,2021-01-28,2021-01-29,42.74,40.14,120,-351.68,-6.83,1,False,,0,0.0,ATR,Full,False,,,,B
MSFT,2,2021-01-27,2021-02-05,227.85,231.9,21,45.04,0.94,7,False,,0,2.1,Rotation,Full,True,,,,B
ABT,1,2021-01-29,2021-02-09,109.07,113.22,45,146.93,2.98,7,False,,0,3.53,Rotation,Full,True,,,,B
DIS,1,2021-02-09,2021-03-29,183.84,180.98,27,-117.29,-2.35,33,True,2021-02-24,0,7.3,ATR,Full,False,,,,B
EWL,1,2021-04-09,2021-04-14,41.64,41.7,120,-33.48,-0.67,3,False,,0,0.5,Rotation,Full,True,,,,B
EWQ,1,2021-04-14,2021-04-15,31.13,31.29,160,-13.99,-0.28,1,False,,0,0.05,Rotation,Full,True,,,,B
WFC,1,2021-04-15,2021-06-11,37.46,40.28,133,336.11,6.72,40,True,2021-04-19,0,14.02,ATR,Full,False,,,,B
HCA,2,2021-02-05,2021-06-21,171.6,194.96,29,637.46,12.76,93,True,2021-03-09,0,20.6,ATR,Full,False,,,,B
ADBE,1,2021-06-11,2021-06-24,529.75,575.9,4,155.71,7.32,9,True,2021-06-14,0,8.68,Partial_50,Partial_50,False,,,,B
LQD,2,2021-06-21,2021-06-25,111.08,111.16,49,-36.34,-0.67,4,False,,0,0.06,Rotation,Full,True,,,,B
SPGI,2,2021-06-25,2021-07-13,394.91,394.87,14,-40.67,-0.73,11,False,,0,2.03,Rotation,Full,True,,,,B
ALB,2,2021-07-13,2021-08-12,175.62,222.58,15,674.74,25.52,22,True,2021-07-21,0,28.58,Partial_50,Partial_50,False,,,,B
ADBE,1,2021-06-11,2021-09-21,529.75,646.88,5,554.54,20.85,70,True,2021-06-14,0,25.83,ATR,Runner,False,2021-06-24,575.9000244140625,7.32,B
ALB,2,2021-07-13,2021-09-21,175.62,206.9,16,470.07,16.67,49,True,2021-07-21,0,31.27,ATR,Runner,False,2021-08-12,222.58235190678016,25.52,B
BKNG,2,2021-09-23,2021-09-24,94.66,96.3,67,69.79,1.1,1,False,,0,2.69,Rotation,Full,True,,,,B
COP,1,2021-09-23,2021-10-01,52.87,58.08,60,282.39,8.87,6,True,2021-09-27,0,9.3,Partial_50,Partial_50,False,,,,B
CRM,2,2021-09-24,2021-11-04,274.47,299.11,11,241.46,7.97,29,True,2021-10-14,0,8.78,Partial_50,Partial_50,False,,,,B
COP,1,2021-09-23,2021-11-22,52.87,59.5,60,367.92,11.56,42,True,2021-09-27,0,23.74,ATR,Runner,False,2021-10-01,58.07882860011941,8.87,B
CRM,2,2021-09-24,2021-11-24,274.47,281.9,12,58.74,1.78,43,True,2021-10-14,0,11.3,ATR,Runner,False,2021-11-04,299.10853786784133,7.97,B
ADBE,1,2021-11-22,2021-11-24,696.28,655.83,9,-404.05,-6.43,2,False,,0,0.0,ATR,Full,False,,,,B
SJM,2,2021-11-24,2021-11-30,115.86,111.03,57,-315.5,-4.76,3,False,,0,0.0,Rotation,Full,True,,,,B
ABBV,1,2021-11-24,2021-12-01,100.69,98.23,66,-202.39,-3.04,4,False,,0,0.0,ATR,Full,False,,,,B
TLT,1,2021-12-02,2021-12-06,131.17,132.13,48,6.11,0.1,2,False,,0,0.93,Rotation,Full,True,,,,B
MRVL,1,2021-12-06,2021-12-09,82.07,89.1,39,244.05,7.6,3,True,2021-12-07,0,9.58,Partial_50,Partial_50,False,,,,B
NEE,2,2021-11-30,2022-01-07,78.47,76.44,81,-204.59,-3.21,27,True,2021-12-08,0,6.03,ATR,Full,False,,,,B
MRVL,1,2021-12-06,2022-01-10,82.07,79.77,39,-119.77,-3.73,24,True,2021-12-07,0,9.58,ATR,Runner,False,2021-12-09,89.09784036436793,7.6,B
VFH,1,2022-01-10,2022-01-19,93.31,90.89,68,-204.22,-3.21,6,False,,0,0.14,ATR,Full,False,,,,B
ABBV,1,2022-01-19,2022-01-24,116.93,113.86,52,-200.03,-3.28,3,False,,0,0.0,ATR,Full,False,,,,B
MET,2,2022-01-07,2022-01-28,58.65,57.27,109,-190.39,-2.97,14,False,,0,2.44,Rotation,Full,True,,,,B
MDLZ,1,2022-01-24,2022-01-31,61.28,59.19,97,-243.61,-4.08,5,False,,0,0.0,ATR,Full,False,,,,B
VRTX,1,2022-01-31,2022-02-15,240.87,231.88,24,-255.76,-4.41,11,True,2022-02-02,0,5.27,ATR,Full,False,,,,B
BMY,1,2022-02-16,2022-02-18,56.79,56.47,98,-72.03,-1.29,2,False,,0,0.0,Rotation,Full,True,,,,B
CVS,2,2022-01-28,2022-02-23,91.95,88.38,66,-275.52,-4.52,17,False,,0,3.89,ATR,Full,False,,,,B
NEM,1,2022-02-18,2022-03-01,59.58,59.17,92,-78.22,-1.42,6,False,,0,1.25,Rotation,Full,True,,,,B
CVX,2,2022-02-28,2022-03-10,118.59,143.69,23,547.39,20.0,8,True,2022-03-01,0,22.45,Partial_50,Partial_50,False,,,,B
DVN,1,2022-03-01,2022-03-15,48.92,41.85,114,-846.06,-15.12,10,False,,0,0.95,ATR,Full,False,,,,B
REGN,1,2022-03-15,2022-03-23,655.83,688.39,4,100.24,3.81,6,True,2022-03-21,0,4.99,Partial_50,Partial_50,False,,,,B
CVX,2,2022-02-28,2022-04-25,118.59,132.61,24,306.18,10.72,39,True,2022-03-01,0,24.86,ATR,Runner,False,2022-03-10,143.68856154570173,20.0,B
REGN,1,2022-03-15,2022-04-25,655.83,680.11,4,67.1,2.55,28,True,2022-03-21,0,11.9,ATR,Runner,False,2022-03-23,688.3894139867273,3.81,B
XOM,2,2022-05-05,2022-05-10,80.2,74.62,71,-435.96,-7.63,3,False,,0,0.0,ATR,Full,False,,,,B
CPB,1,2022-04-29,2022-05-19,41.14,39.22,139,-306.63,-5.34,14,True,2022-05-06,0,6.97,ATR,Full,False,,,,B
MCD,2,2022-07-27,2022-07-28,234.71,237.47,22,20.56,0.4,1,False,,0,1.21,Rotation,Full,True,,,,B
TMUS,2,2022-07-28,2022-09-08,136.01,140.19,39,123.12,2.31,29,False,,0,3.97,Rotation,Full,True,,,,B
GIS,1,2022-06-30,2022-09-14,63.38,63.92,84,5.23,0.1,52,True,2022-08-09,0,6.77,ATR,Full,False,,,,B
ENPH,2,2022-09-08,2022-09-23,315.0,279.03,17,-651.49,-12.12,11,False,,0,1.78,ATR,Full,False,,,,B
GIS,1,2022-09-22,2022-10-03,69.17,66.47,78,-250.59,-4.63,7,False,,0,0.74,ATR,Full,False,,,,B
VRTX,1,2022-10-25,2022-10-28,312.0,302.0,15,-190.0,-4.04,3,False,,0,0.0,ATR,Full,False,,,,B
TMUS,1,2022-10-31,2022-12-01,144.22,146.4,33,31.71,0.66,22,False,,0,1.52,Rotation,Full,True,,,,B
GIS,1,2022-12-01,2023-01-09,74.04,74.51,65,-9.58,-0.2,25,False,,0,2.71,Rotation,Full,True,,,,B
LLY,2,2022-09-29,2023-01-10,324.68,340.24,14,177.82,3.89,70,True,2022-10-26,0,12.53,ATR,Full,False,,,,B
SYK,2,2023-01-10,2023-01-31,252.84,241.3,19,-259.21,-5.37,14,False,,0,1.08,ATR,Full,False,,,,B
SBUX,1,2023-01-09,2023-02-06,98.41,96.09,49,-154.08,-3.18,19,True,2023-02-01,0,3.26,ATR,Full,False,,,,B
FTV,1,2023-02-06,2023-02-07,50.94,51.04,92,-30.43,-0.65,1,False,,0,0.58,Rotation,Full,True,,,,B
AME,1,2023-02-07,2023-02-08,142.73,143.47,32,-16.51,-0.36,1,False,,0,0.64,Rotation,Full,True,,,,B
ITW,2,2023-02-01,2023-02-22,218.72,217.08,22,-76.09,-1.57,14,True,2023-02-02,0,6.16,ATR,Full,False,,,,B
DD,1,2023-02-08,2023-02-22,30.28,28.66,154,-290.68,-6.21,9,False,,0,0.0,ATR,Full,False,,,,B
CRM,2,2023-03-03,2023-03-09,185.35,180.45,24,-157.55,-3.53,4,False,,0,0.0,Rotation,Full,True,,,,B
LIN,1,2023-02-27,2023-03-10,331.81,331.76,13,-40.75,-0.94,9,False,,0,4.66,Rotation,Full,True,,,,B
ANET,2,2023-03-09,2023-03-23,37.2,42.08,60,262.95,11.73,10,True,2023-03-16,0,12.96,Partial_50,Partial_50,False,,,,B
ANET,2,2023-03-09,2023-04-21,37.2,38.86,60,69.6,3.1,30,True,2023-03-16,0,13.85,ATR,Runner,False,2023-03-23,42.08000183105469,11.73,B
CL,2,2023-04-21,2023-04-24,71.9,71.53,64,-63.85,-1.38,1,False,,0,0.0,Rotation,Full,True,,,,B
GE,1,2023-03-10,2023-04-27,72.19,76.22,61,205.35,4.64,33,True,2023-04-03,0,8.98,ATR,Full,False,,,,B
PG,2,2023-04-24,2023-04-28,144.68,145.67,31,-9.37,-0.21,4,False,,0,0.81,Rotation,Full,True,,,,B
META,2,2023-04-28,2023-06-06,237.15,268.04,9,248.52,11.59,26,True,2023-05-22,0,14.06,Partial_50,Partial_50,False,,,,B
MSFT,1,2023-04-27,2023-07-27,289.12,333.33,16,667.32,14.36,62,True,2023-05-05,0,21.73,ATR,Full,False,,,,B
GOOGL,1,2023-07-27,2023-07-28,130.59,129.71,39,-74.43,-1.46,1,False,,0,0.0,Rotation,Full,True,,,,B
ANSS,1,2023-07-28,2023-08-14,69.19,63.42,73,-461.64,-9.1,11,False,,0,1.54,ATR,Full,False,,,,B
META,2,2023-04-28,2023-08-17,237.15,290.77,10,505.67,21.23,76,True,2023-05-22,0,36.18,ATR,Runner,False,2023-06-06,268.0366525332248,11.59,B
OXY,1,2023-08-14,2023-08-17,62.44,60.34,78,-203.47,-4.16,3,False,,0,0.0,Rotation,Full,True,,,,B
PGR,1,2023-08-17,2023-08-21,124.85,122.6,39,-127.74,-2.61,2,False,,0,0.0,Rotation,Full,True,,,,B
ROST,1,2023-08-21,2023-08-30,115.31,117.64,42,57.99,1.19,7,False,,0,2.75,Rotation,Full,True,,,,B
TJX,2,2023-08-17,2023-09-22,86.21,86.26,59,-37.15,-0.73,25,True,2023-08-30,0,5.09,ATR,Full,False,,,,B
GOOG,1,2023-08-30,2023-09-27,134.47,128.39,36,-258.88,-5.33,19,False,,0,2.52,ATR,Full,False,,,,B
XOM,1,2023-09-28,2023-10-05,110.17,100.82,44,-451.28,-9.27,5,False,,0,0.0,ATR,Full,False,,,,B
GD,2,2023-10-10,2023-10-11,228.51,225.0,20,-110.27,-2.4,1,False,,0,0.0,Rotation,Full,True,,,,B
CRWD,1,2023-10-09,2023-10-13,176.5,187.56,13,113.78,4.94,4,True,2023-10-11,0,6.64,Partial_50,Partial_50,False,,,,B
CDNS,2,2023-10-11,2023-10-25,250.32,237.04,18,-279.04,-6.17,10,False,,0,1.06,ATR,Full,False,,,,B
AIG,2,2023-11-03,2023-12-01,60.66,62.24,73,75.55,1.7,19,False,,0,2.83,Rotation,Full,True,,,,B
PSX,2,2023-12-01,2023-12-26,118.95,125.06,19,86.08,3.79,16,True,2023-12-20,0,4.51,Partial_50,Partial_50,False,,,,B
PSX,2,2023-12-01,2024-01-11,118.95,120.28,19,-4.67,-0.21,27,True,2023-12-20,0,5.64,ATR,Runner,False,2023-12-26,125.05541170979657,3.79,B
ISRG,2,2024-01-11,2024-02-05,364.45,384.47,6,90.12,4.1,16,True,2024-01-24,0,5.32,Partial_50,Partial_50,False,,,,B
CRWD,1,2023-10-09,2024-02-22,176.5,304.93,13,1639.59,71.15,93,True,2023-10-11,0,89.55,ATR,Runner,False,2023-10-13,187.55999755859375,4.94,B
CTRA,1,2024-02-22,2024-02-23,23.96,24.43,226,64.91,1.19,1,False,,0,2.01,Rotation,Full,True,,,,B
AVGO,1,2024-02-23,2024-03-12,127.67,127.54,42,-45.61,-0.85,12,True,2024-03-01,0,7.54,ATR,Full,False,,,,B
XLB,1,2024-03-12,2024-03-15,43.31,43.22,125,-50.79,-0.93,3,False,,0,0.99,Rotation,Full,True,,,,B
MSFT,1,2024-03-15,2024-03-18,412.95,407.99,13,-104.53,-1.94,1,False,,0,0.0,Rotation,Full,True,,,,B
PSX,1,2024-03-18,2024-04-05,148.62,161.18,18,196.05,7.3,13,True,2024-04-02,0,8.34,Partial_50,Partial_50,False,,,,B
ISRG,2,2024-01-11,2024-04-16,364.45,376.63,6,43.08,1.96,65,True,2024-01-24,0,9.92,ATR,Runner,False,2024-02-05,384.4700012207031,4.1,B
PSX,1,2024-03-18,2024-04-16,148.62,149.93,18,-6.51,-0.24,20,True,2024-04-02,0,8.34,ATR,Runner,False,2024-04-05,161.18273987826151,7.3,B
ELV,1,2024-04-19,2024-04-25,514.15,516.34,10,-18.09,-0.35,4,False,,0,0.2,Rotation,Full,True,,,,B
AXP,2,2024-04-22,2024-06-10,227.06,226.98,24,-41.88,-0.77,34,True,2024-05-10,0,4.76,ATR,Full,False,,,,B
AAPL,2,2024-06-12,2024-06-17,205.78,211.73,13,47.4,1.77,3,True,2024-06-12,0,3.31,Partial_50,Partial_50,False,,,,B
BSX,1,2024-04-25,2024-07-19,73.13,76.9,74,238.98,4.4,58,True,2024-05-20,0,6.85,ATR,Full,False,,,,B
ALL,1,2024-07-19,2024-07-22,171.64,169.67,32,-103.11,-1.87,1,False,,0,0.0,Rotation,Full,True,,,,B
AAPL,2,2024-06-12,2024-07-25,205.78,217.25,13,119.13,4.44,29,True,2024-06-12,0,13.24,ATR,Runner,False,2024-06-17,211.73243423482455,1.77,B
ISRG,1,2024-07-22,2024-07-26,462.33,438.6,11,-301.03,-5.9,4,False,,0,0.0,ATR,Full,False,,,,B
RTX,1,2024-07-26,2024-08-21,110.32,115.33,24,90.42,3.4,18,True,2024-08-15,0,4.41,Partial_50,Partial_50,False,,,,B
ABBV,2,2024-07-26,2024-08-21,173.01,185.26,15,154.08,5.92,18,True,2024-08-02,0,7.32,Partial_50,Partial_50,False,,,,B
RTX,1,2024-07-26,2024-09-09,110.32,116.44,25,122.76,4.43,30,True,2024-08-15,0,8.81,ATR,Runner,False,2024-08-21,115.33179195839969,3.4,B
T,1,2024-09-09,2024-09-12,19.37,19.72,145,19.59,0.69,3,True,2024-09-09,0,3.58,Partial_50,Partial_50,False,,,,B
ABBV,2,2024-07-26,2024-10-18,173.01,179.64,16,75.74,2.73,59,True,2024-08-02,0,8.67,ATR,Runner,False,2024-08-21,185.25985225963748,5.92,B
TRV,2,2024-10-18,2024-10-23,262.77,252.71,21,-251.17,-4.54,3,False,,0,0.0,Rotation,Full,True,,,,B
PM,2,2024-10-23,2024-11-07,123.07,119.8,45,-186.99,-3.36,11,False,,0,2.17,ATR,Full,False,,,,B
ORCL,2,2024-11-07,2024-11-12,178.2,185.54,15,80.12,2.99,3,True,2024-11-08,0,4.51,Partial_50,Partial_50,False,,,,B
ORCL,2,2024-11-07,2024-12-11,178.2,175.17,15,-75.47,-2.81,23,True,2024-11-08,0,6.27,ATR,Runner,False,2024-11-12,185.54297538099775,2.99,B
T,1,2024-09-09,2024-12-19,19.37,21.07,145,216.49,7.68,72,True,2024-09-09,0,15.39,ATR,Runner,False,2024-09-12,19.71672828416168,0.69,B
BLK,2,2024-12-12,2024-12-19,1040.94,1013.97,5,-174.82,-3.35,5,False,,0,0.0,ATR,Full,False,,,,B
EBAY,2,2025-01-10,2025-01-15,67.45,63.64,81,-348.52,-6.36,3,False,,0,0.0,ATR,Full,False,,,,B
ISRG,2,2025-01-16,2025-01-24,582.6,581.9,4,-31.69,-1.35,5,True,2025-01-22,0,4.78,Partial_50,Partial_50,False,,,,B
RL,1,2025-01-07,2025-01-27,240.06,247.68,11,53.85,2.03,12,True,2025-01-23,0,5.23,Partial_50,Partial_50,False,,,,B
ISRG,2,2025-01-16,2025-02-26,582.6,570.85,5,-89.86,-3.07,27,True,2025-01-22,0,4.78,ATR,Runner,False,2025-01-24,581.9000244140625,-1.35,B
PXD,2,2025-02-26,2025-03-03,52.04,52.07,101,-37.17,-0.7,3,False,,0,0.14,Rotation,Full,True,,,,B
RL,1,2025-01-07,2025-03-05,240.06,249.47,11,73.56,2.78,38,True,2025-01-23,0,17.63,ATR,Runner,False,2025-01-27,247.6807264947604,2.03,B
EWL,1,2025-03-05,2025-03-06,51.9,51.5,101,-80.64,-1.53,1,False,,0,0.0,Rotation,Full,True,,,,B
V,2,2025-03-03,2025-03-07,360.3,338.34,14,-347.52,-6.86,4,False,,0,0.0,ATR,Full,False,,,,B
FAST,2,2025-03-07,2025-03-14,37.93,36.43,129,-232.68,-4.74,5,True,2025-03-10,0,3.27,ATR,Full,False,,,,B
EWG,1,2025-03-06,2025-04-01,38.01,36.62,138,-231.4,-4.39,18,False,,0,1.73,ATR,Full,False,,,,B
GLD,2,2025-03-14,2025-04-07,276.27,278.86,16,1.44,0.03,16,True,2025-03-28,0,4.3,ATR,Full,False,,,,B
TLT,2,2025-04-07,2025-04-09,87.89,83.48,55,-282.54,-5.82,2,False,,0,0.0,ATR,Full,False,,,,B
EXC,1,2025-04-01,2025-04-10,44.19,42.81,109,-190.51,-3.94,7,True,2025-04-03,0,3.21,ATR,Full,False,,,,B
GLD,1,2025-04-11,2025-04-21,297.96,315.02,7,90.09,4.3,5,True,2025-04-16,0,3.19,Partial_50,Partial_50,False,,,,B
GLD,1,2025-04-11,2025-05-15,297.96,294.1,8,-61.55,-2.57,23,True,2025-04-16,0,5.92,ATR,Runner,False,2025-04-21,315.0199890136719,4.3,B
HYG,2,2025-05-13,2025-05-21,75.28,74.99,61,-57.35,-1.24,6,False,,0,0.11,Rotation,Full,True,,,,B
D,2,2025-05-21,2025-06-02,55.12,54.52,83,-89.83,-1.95,7,False,,0,0.0,Rotation,Full,True,,,,B
CME,2,2025-06-02,2025-06-05,277.48,267.64,16,-197.49,-4.43,3,False,,0,0.91,ATR,Full,False,,,,B
EWY,2,2025-06-05,2025-06-26,63.89,70.14,33,176.39,8.33,14,True,2025-06-12,0,11.2,Partial_50,Partial_50,False,,,,B
MNST,1,2025-05-19,2025-07-10,62.85,59.57,73,-279.44,-6.06,35,False,,0,2.21,ATR,Full,False,,,,B
SLV,1,2025-07-14,2025-07-28,35.22,34.65,125,-111.25,-2.52,10,False,,0,1.42,Rotation,Full,True,,,,B
EWY,2,2025-06-05,2025-08-04,63.89,70.79,34,204.29,9.36,40,True,2025-06-12,0,13.07,ATR,Runner,False,2025-06-26,70.14452698365855,8.33,B
NEM,1,2025-07-28,2025-08-28,64.29,71.85,33,219.54,10.3,23,True,2025-08-07,0,11.74,Partial_50,Partial_50,False,,,,B
NEM,1,2025-07-28,2025-10-22,64.29,82.68,34,595.25,27.11,61,True,2025-08-07,0,52.11,ATR,Runner,False,2025-08-28,71.84525563110252,10.3,B
K,1,2025-10-22,2025-10-27,70.38,68.82,68,-145.96,-3.04,3,False,,0,0.0,Rotation,Full,True,,,,B
GD,1,2025-10-27,2025-10-29,350.71,342.27,13,-149.8,-3.27,2,False,,0,0.0,Rotation,Full,True,,,,B
MPWR,2,2025-08-04,2025-11-05,787.12,957.5,5,811.92,20.53,66,True,2025-08-13,0,39.87,ATR,Full,False,,,,B
CTRA,2,2025-11-05,2025-11-06,25.4,25.6,201,1.55,0.03,1,False,,0,0.0,Rotation,Full,True,,,,B
NVDA,1,2025-10-29,2025-11-07,207.96,184.88,22,-547.7,-11.92,7,False,,0,0.0,ATR,Full,False,,,,B
AMGN,2,2025-11-06,2025-11-13,314.66,333.2,8,118.31,4.68,5,True,2025-11-11,0,6.06,Partial_50,Partial_50,False,,,,B
MAR,1,2025-11-10,2025-11-18,290.87,282.01,15,-172.93,-3.95,6,False,,0,0.0,Rotation,Full,True,,,,B
JNJ,1,2025-11-18,2025-12-01,196.71,205.41,12,74.39,3.14,8,True,2025-11-21,0,4.96,Partial_50,Partial_50,False,,,,B
AMGN,2,2025-11-06,2025-12-10,314.66,314.07,8,-34.69,-1.37,23,True,2025-11-11,0,9.03,ATR,Runner,False,2025-11-13,333.19826334408884,4.68,B
EWL,2,2025-12-11,2025-12-16,58.47,59.29,82,27.24,0.57,3,False,,0,1.01,Rotation,Full,True,,,,B
HOLX,2,2025-12-16,2025-12-19,75.06,75.0,64,-43.84,-0.91,3,False,,0,0.0,Rotation,Full,True,,,,B
JNJ,1,2025-11-18,2026-01-06,196.71,203.52,12,51.71,2.18,32,True,2025-11-21,0,8.3,ATR,Runner,False,2025-12-01,205.40801990791223,3.14,B
FDX,2,2025-12-19,2026-01-08,270.96,305.04,8,243.24,11.17,12,True,2025-12-19,0,13.18,Partial_50,Partial_50,False,,,,B
AMAT,1,2026-01-06,2026-02-05,285.07,299.7,17,208.57,4.29,21,True,2026-01-09,0,19.59,ATR,Full,False,,,,B
UPS,1,2026-02-05,2026-02-06,114.4,114.7,44,-26.98,-0.53,1,False,,0,0.47,Rotation,Full,True,,,,B
TPR,1,2026-02-06,2026-02-11,145.04,156.12,17,158.37,6.4,3,True,2026-02-09,0,6.34,Partial_50,Partial_50,False,,,,B
FDX,2,2025-12-19,2026-03-09,270.96,351.61,9,695.25,28.39,52,True,2025-12-19,0,42.79,ATR,Runner,False,2026-01-08,305.04328050469,11.17,B
TPR,1,2026-02-06,2026-03-13,145.04,143.54,17,-55.52,-2.24,24,True,2026-02-09,0,10.36,ATR,Runner,False,2026-02-11,156.12143430519203,6.4,B
DVN,1,2026-03-13,2026-03-23,45.52,47.5,60,88.8,3.24,6,True,2026-03-19,0,7.18,Partial_50,Partial_50,False,,,,B
CVX,2,2026-03-13,2026-03-26,196.0,206.03,13,100.76,3.94,9,True,2026-03-20,0,5.51,Partial_50,Partial_50,False,,,,B
CVX,2,2026-03-13,2026-04-02,196.0,202.51,14,60.77,2.21,14,True,2026-03-20,0,7.73,ATR,Runner,False,2026-03-26,206.02999877929688,3.94,B
DVN,1,2026-03-13,2026-04-13,45.52,48.33,60,138.6,5.06,20,True,2026-03-19,0,14.39,ATR,Runner,False,2026-03-23,47.5,3.24,B
NEE,1,2026-04-24,2026-04-27,97.24,94.83,58,-179.78,-3.18,1,False,,0,0.0,End,Full,False,,,,B
