ticker,slot,entry_date,exit_date,entry_price,exit_price,shares,pnl_€,ret_%,hold_d,earned_mode,earned_date,pyramid_count,max_unreal_%,exit_reason,is_rotation,crisis_exit,crisis_date,setup
TLT,1,2020-02-28,2020-03-11,128.91,138.28,38,316.0,6.42,8,True,2020-03-03,0,11.07,ATR,False,False,,A
IEF,2,2020-02-28,2020-03-11,100.76,103.8,49,108.84,2.2,8,True,2020-03-02,0,4.05,ATR,False,False,,A
ECL,2,2020-05-29,2020-06-12,198.25,195.62,26,-108.28,-2.09,10,True,2020-06-05,0,8.86,ATR,False,False,,A
LQD,2,2020-06-16,2020-06-22,109.28,108.55,46,-73.54,-1.46,4,False,,0,0.0,Rotation,True,False,,A
KEYS,1,2020-05-21,2020-07-08,102.4,100.42,50,-139.0,-2.7,32,False,,0,5.6,Rotation,True,False,,A
APD,1,2020-07-08,2020-07-09,231.66,235.68,21,44.37,0.91,1,False,,0,1.27,Rotation,True,False,,A
MRVL,1,2020-07-09,2020-07-24,36.96,33.98,136,-445.32,-8.82,11,False,,0,1.27,ATR,False,False,,A
HOLX,2,2020-06-22,2020-08-11,55.01,66.34,92,1002.36,19.73,35,True,2020-07-02,0,33.28,ATR,False,False,,A
NKE,2,2020-08-11,2020-08-12,98.43,97.39,54,-96.21,-1.8,1,False,,0,0.0,Rotation,True,False,,A
MPWR,1,2020-07-30,2020-09-08,250.77,236.03,18,-305.42,-6.74,27,True,2020-08-06,0,8.21,ATR,False,False,,A
ALB,2,2020-08-12,2020-09-24,87.06,75.08,60,-759.15,-14.48,30,True,2020-09-15,0,8.18,ATR,False,False,,A
NKE,2,2020-09-24,2020-10-23,116.73,120.02,39,88.18,1.93,21,False,,0,3.59,Rotation,True,False,,A
CAT,1,2020-09-10,2020-10-28,136.8,139.26,36,48.43,0.98,34,True,2020-10-12,0,11.61,ATR,False,False,,A
CL,1,2020-11-04,2020-11-05,73.19,74.42,65,39.91,0.84,1,False,,0,0.61,Rotation,True,False,,A
MPWR,1,2020-11-05,2020-11-10,328.95,302.33,14,-412.59,-8.92,3,False,,0,4.36,ATR,False,False,,A
ALGN,2,2020-10-23,2020-11-20,451.34,443.39,10,-119.5,-2.64,20,True,2020-11-05,0,8.99,ATR,False,False,,A
COST,2,2020-12-01,2020-12-07,363.31,353.64,12,-155.99,-3.56,4,False,,0,0.8,Rotation,True,False,,A
CAT,2,2020-12-07,2020-12-31,163.34,163.21,26,-43.3,-1.01,17,False,,0,0.75,Rotation,True,False,,A
FCX,2,2020-12-31,2021-01-27,24.73,24.29,174,-117.8,-2.72,17,True,2021-01-05,0,20.49,ATR,False,False,,A
ON,1,2020-11-10,2021-01-28,27.5,35.35,168,1278.8,27.56,53,True,2020-11-27,0,40.07,ATR,False,False,,A
CPB,1,2021-01-28,2021-01-29,42.74,40.14,118,-346.48,-6.84,1,False,,0,0.0,ATR,False,False,,A
MSFT,2,2021-01-27,2021-02-05,227.85,231.9,18,32.89,0.8,7,False,,0,2.1,Rotation,True,False,,A
ABT,1,2021-01-29,2021-02-09,109.07,113.22,44,142.78,2.96,7,False,,0,3.53,Rotation,True,False,,A
DIS,1,2021-02-09,2021-03-29,183.84,180.98,26,-114.43,-2.38,33,True,2021-02-24,0,7.3,ATR,False,False,,A
EWL,1,2021-04-09,2021-04-14,41.64,41.7,117,-33.64,-0.69,3,False,,0,0.5,Rotation,True,False,,A
EWQ,1,2021-04-14,2021-04-15,31.13,31.29,156,-14.64,-0.3,1,False,,0,0.05,Rotation,True,False,,A
WFC,1,2021-04-15,2021-06-11,37.46,40.28,130,327.63,6.7,40,True,2021-04-19,0,14.02,ATR,False,False,,A
HCA,2,2021-02-05,2021-06-21,171.6,194.96,28,614.1,12.73,93,True,2021-03-09,0,20.6,ATR,False,False,,A
LQD,2,2021-06-21,2021-06-25,111.08,111.16,48,-36.41,-0.68,4,False,,0,0.06,Rotation,True,False,,A
SPGI,2,2021-06-25,2021-07-13,394.91,394.87,13,-40.62,-0.79,11,False,,0,2.03,Rotation,True,False,,A
ADBE,1,2021-06-11,2021-09-21,529.75,646.88,9,1014.17,21.18,70,True,2021-06-14,0,25.83,ATR,False,False,,A
ALB,2,2021-07-13,2021-09-21,175.62,206.9,30,898.24,16.98,49,True,2021-07-21,0,31.27,ATR,False,False,,A
BKNG,2,2021-09-23,2021-09-24,94.66,96.3,66,68.15,1.09,1,False,,0,2.69,Rotation,True,False,,A
COP,1,2021-09-23,2021-11-22,52.87,59.5,118,742.58,11.86,42,True,2021-09-27,0,23.74,ATR,False,False,,A
CRM,2,2021-09-24,2021-11-24,274.47,281.9,22,123.48,2.04,43,True,2021-10-14,0,11.3,ATR,False,False,,A
ADBE,1,2021-11-22,2021-11-24,696.28,655.83,9,-404.05,-6.43,2,False,,0,0.0,ATR,False,False,,A
SJM,2,2021-11-24,2021-11-30,115.86,111.03,56,-310.67,-4.77,3,False,,0,0.0,Rotation,True,False,,A
ABBV,1,2021-11-24,2021-12-01,100.69,98.23,64,-197.47,-3.05,4,False,,0,0.0,ATR,False,False,,A
TLT,1,2021-12-02,2021-12-06,131.17,132.13,47,5.15,0.08,2,False,,0,0.93,Rotation,True,False,,A
NEE,2,2021-11-30,2022-01-07,78.47,76.44,80,-202.56,-3.22,27,True,2021-12-08,0,6.03,ATR,False,False,,A
MRVL,1,2021-12-06,2022-01-10,82.07,79.77,76,-214.93,-3.43,24,True,2021-12-07,0,9.58,ATR,False,False,,A
VFH,1,2022-01-10,2022-01-19,93.31,90.89,64,-194.56,-3.25,6,False,,0,0.14,ATR,False,False,,A
ABBV,1,2022-01-19,2022-01-24,116.93,113.86,50,-193.87,-3.3,3,False,,0,0.0,ATR,False,False,,A
MET,2,2022-01-07,2022-01-28,58.65,57.27,104,-183.49,-3.0,14,False,,0,2.44,Rotation,True,False,,A
MDLZ,1,2022-01-24,2022-01-31,61.28,59.19,92,-233.12,-4.12,5,False,,0,0.0,ATR,False,False,,A
VRTX,1,2022-01-31,2022-02-15,240.87,231.88,23,-246.77,-4.44,11,True,2022-02-02,0,5.27,ATR,False,False,,A
BMY,1,2022-02-16,2022-02-18,56.79,56.47,94,-70.72,-1.32,2,False,,0,0.0,Rotation,True,False,,A
CVS,2,2022-01-28,2022-02-23,91.95,88.38,62,-261.25,-4.57,17,False,,0,3.89,ATR,False,False,,A
NEM,1,2022-02-18,2022-03-01,59.58,59.17,89,-76.97,-1.45,6,False,,0,1.25,Rotation,True,False,,A
DVN,1,2022-03-01,2022-03-15,48.92,41.85,109,-810.71,-15.15,10,False,,0,0.95,ATR,False,False,,A
CVX,2,2022-02-28,2022-04-25,118.59,132.61,45,590.73,11.03,39,True,2022-03-01,0,24.86,ATR,False,False,,A
REGN,1,2022-03-15,2022-04-25,655.83,680.11,6,105.66,2.67,28,True,2022-03-21,0,11.9,ATR,False,False,,A
XOM,2,2022-05-05,2022-05-10,80.2,74.62,65,-402.49,-7.69,3,False,,0,0.0,ATR,False,False,,A
CPB,1,2022-04-29,2022-05-19,41.14,39.22,128,-285.53,-5.4,14,True,2022-05-06,0,6.97,ATR,False,False,,A
MCD,2,2022-07-27,2022-07-28,234.71,237.47,21,17.81,0.36,1,False,,0,1.21,Rotation,True,False,,A
TMUS,2,2022-07-28,2022-09-08,136.01,140.19,36,110.57,2.25,29,False,,0,3.97,Rotation,True,False,,A
GIS,1,2022-06-30,2022-09-14,63.38,63.92,78,2.0,0.04,52,True,2022-08-09,0,6.77,ATR,False,False,,A
ENPH,2,2022-09-08,2022-09-23,315.0,279.03,15,-579.55,-12.21,11,False,,0,1.78,ATR,False,False,,A
GIS,1,2022-09-22,2022-10-03,69.17,66.47,72,-234.39,-4.69,7,False,,0,0.74,ATR,False,False,,A
VRTX,1,2022-10-25,2022-10-28,312.0,302.0,14,-180.0,-4.1,3,False,,0,0.0,ATR,False,False,,A
TMUS,1,2022-10-31,2022-12-01,144.22,146.4,31,27.36,0.61,22,False,,0,1.52,Rotation,True,False,,A
GIS,1,2022-12-01,2023-01-09,74.04,74.51,61,-11.45,-0.25,25,False,,0,2.71,Rotation,True,False,,A
LLY,2,2022-09-29,2023-01-10,324.68,340.24,13,162.26,3.83,70,True,2022-10-26,0,12.53,ATR,False,False,,A
SYK,2,2023-01-10,2023-01-31,252.84,241.3,18,-247.68,-5.42,14,False,,0,1.08,ATR,False,False,,A
SBUX,1,2023-01-09,2023-02-06,98.41,96.09,45,-144.77,-3.25,19,True,2023-02-01,0,3.26,ATR,False,False,,A
FTV,1,2023-02-06,2023-02-07,50.94,51.04,86,-31.05,-0.71,1,False,,0,0.58,Rotation,True,False,,A
AME,1,2023-02-07,2023-02-08,142.73,143.47,30,-17.97,-0.42,1,False,,0,0.64,Rotation,True,False,,A
ITW,2,2023-02-01,2023-02-22,218.72,217.08,20,-72.81,-1.66,14,True,2023-02-02,0,6.16,ATR,False,False,,A
DD,1,2023-02-08,2023-02-22,30.28,28.66,144,-274.4,-6.26,9,False,,0,0.0,ATR,False,False,,A
CRM,2,2023-03-03,2023-03-09,185.35,180.45,22,-147.76,-3.61,4,False,,0,0.0,Rotation,True,False,,A
LIN,1,2023-02-27,2023-03-10,331.81,331.76,12,-40.69,-1.02,9,False,,0,4.66,Rotation,True,False,,A
ANET,2,2023-03-09,2023-04-21,37.2,38.86,111,144.26,3.48,30,True,2023-03-16,0,13.85,ATR,False,False,,A
CL,2,2023-04-21,2023-04-24,71.9,71.53,58,-61.61,-1.47,1,False,,0,0.0,Rotation,True,False,,A
GE,1,2023-03-10,2023-04-27,72.19,76.22,56,185.24,4.56,33,True,2023-04-03,0,8.98,ATR,False,False,,A
PG,2,2023-04-24,2023-04-28,144.68,145.67,28,-12.33,-0.3,4,False,,0,0.81,Rotation,True,False,,A
MSFT,1,2023-04-27,2023-07-27,289.12,333.33,14,578.9,14.23,62,True,2023-05-05,0,21.73,ATR,False,False,,A
GOOGL,1,2023-07-27,2023-07-28,130.59,129.71,34,-70.01,-1.57,1,False,,0,0.0,Rotation,True,False,,A
ANSS,1,2023-07-28,2023-08-14,69.19,63.42,64,-409.65,-9.21,11,False,,0,1.54,ATR,False,False,,A
META,2,2023-04-28,2023-08-17,237.15,290.77,17,871.53,21.51,76,True,2023-05-22,0,36.18,ATR,False,False,,A
OXY,1,2023-08-14,2023-08-17,62.44,60.34,68,-182.51,-4.28,3,False,,0,0.0,Rotation,True,False,,A
PGR,1,2023-08-17,2023-08-21,124.85,122.6,36,-120.99,-2.68,2,False,,0,0.0,Rotation,True,False,,A
ROST,1,2023-08-21,2023-08-30,115.31,117.64,38,48.65,1.11,7,False,,0,2.75,Rotation,True,False,,A
TJX,2,2023-08-17,2023-09-22,86.21,86.26,54,-37.39,-0.8,25,True,2023-08-30,0,5.09,ATR,False,False,,A
GOOG,1,2023-08-30,2023-09-27,134.47,128.39,33,-240.64,-5.4,19,False,,0,2.52,ATR,False,False,,A
XOM,1,2023-09-28,2023-10-05,110.17,100.82,40,-413.89,-9.35,5,False,,0,0.0,ATR,False,False,,A
GD,2,2023-10-10,2023-10-11,228.51,225.0,18,-103.24,-2.5,1,False,,0,0.0,Rotation,True,False,,A
CDNS,2,2023-10-11,2023-10-25,250.32,237.04,16,-252.48,-6.27,10,False,,0,1.06,ATR,False,False,,A
AIG,2,2023-11-03,2023-12-01,60.66,62.24,64,61.3,1.57,19,False,,0,2.83,Rotation,True,False,,A
PSX,2,2023-12-01,2024-01-11,118.95,120.28,33,3.99,0.1,27,True,2023-12-20,0,5.64,ATR,False,False,,A
CRWD,1,2023-10-09,2024-02-22,176.5,304.93,24,3042.32,71.48,93,True,2023-10-11,0,89.55,ATR,False,False,,A
CTRA,1,2024-02-22,2024-02-23,23.96,24.43,234,68.62,1.22,1,False,,0,2.01,Rotation,True,False,,A
AVGO,1,2024-02-23,2024-03-12,127.67,127.54,44,-45.88,-0.81,12,True,2024-03-01,0,7.54,ATR,False,False,,A
XLB,1,2024-03-12,2024-03-15,43.31,43.22,130,-51.22,-0.91,3,False,,0,0.99,Rotation,True,False,,A
MSFT,1,2024-03-15,2024-03-18,412.95,407.99,13,-104.53,-1.94,1,False,,0,0.0,Rotation,True,False,,A
ISRG,2,2024-01-11,2024-04-16,364.45,376.63,10,81.8,2.23,65,True,2024-01-24,0,9.92,ATR,False,False,,A
PSX,1,2024-03-18,2024-04-16,148.62,149.93,37,8.3,0.15,20,True,2024-04-02,0,8.34,ATR,False,False,,A
ELV,1,2024-04-19,2024-04-25,514.15,516.34,10,-18.09,-0.35,4,False,,0,0.2,Rotation,True,False,,A
AXP,2,2024-04-22,2024-06-10,227.06,226.98,24,-41.88,-0.77,34,True,2024-05-10,0,4.76,ATR,False,False,,A
BSX,1,2024-04-25,2024-07-19,73.13,76.9,76,246.52,4.42,58,True,2024-05-20,0,6.85,ATR,False,False,,A
ALL,1,2024-07-19,2024-07-22,171.64,169.67,33,-105.08,-1.85,1,False,,0,0.0,Rotation,True,False,,A
AAPL,2,2024-06-12,2024-07-25,205.78,217.25,27,269.72,4.84,29,True,2024-06-12,0,13.24,ATR,False,False,,A
ISRG,1,2024-07-22,2024-07-26,462.33,438.6,12,-324.76,-5.83,4,False,,0,0.0,ATR,False,False,,A
RTX,1,2024-07-26,2024-09-09,110.32,116.44,51,272.04,4.82,30,True,2024-08-15,0,8.81,ATR,False,False,,A
ABBV,2,2024-07-26,2024-10-18,173.01,179.64,32,172.13,3.1,59,True,2024-08-02,0,8.67,ATR,False,False,,A
TRV,2,2024-10-18,2024-10-23,262.77,252.71,22,-261.23,-4.5,3,False,,0,0.0,Rotation,True,False,,A
PM,2,2024-10-23,2024-11-07,123.07,119.8,46,-190.26,-3.35,11,False,,0,2.17,ATR,False,False,,A
ORCL,2,2024-11-07,2024-12-11,178.2,175.17,30,-130.93,-2.44,23,True,2024-11-08,0,6.27,ATR,False,False,,A
T,1,2024-09-09,2024-12-19,19.37,21.07,296,463.18,8.05,72,True,2024-09-09,0,15.39,ATR,False,False,,A
BLK,2,2024-12-12,2024-12-19,1040.94,1013.97,5,-174.82,-3.35,5,False,,0,0.0,ATR,False,False,,A
EBAY,2,2025-01-10,2025-01-15,67.45,63.64,84,-359.94,-6.33,3,False,,0,0.0,ATR,False,False,,A
ISRG,2,2025-01-16,2025-02-26,582.6,570.85,9,-145.75,-2.77,27,True,2025-01-22,0,4.78,ATR,False,False,,A
PXD,2,2025-02-26,2025-03-03,52.04,52.07,102,-37.15,-0.7,3,False,,0,0.14,Rotation,True,False,,A
RL,1,2025-01-07,2025-03-05,240.06,249.47,23,176.54,3.19,38,True,2025-01-23,0,17.63,ATR,False,False,,A
EWL,1,2025-03-05,2025-03-06,51.9,51.5,106,-82.65,-1.5,1,False,,0,0.0,Rotation,True,False,,A
V,2,2025-03-03,2025-03-07,360.3,338.34,14,-347.52,-6.86,4,False,,0,0.0,ATR,False,False,,A
FAST,2,2025-03-07,2025-03-14,37.93,36.43,135,-241.64,-4.7,5,True,2025-03-10,0,3.27,ATR,False,False,,A
EWG,1,2025-03-06,2025-04-01,38.01,36.62,143,-238.33,-4.37,18,False,,0,1.73,ATR,False,False,,A
GLD,2,2025-03-14,2025-04-07,276.27,278.86,17,4.03,0.09,16,True,2025-03-28,0,4.3,ATR,False,False,,A
TLT,2,2025-04-07,2025-04-09,87.89,83.48,57,-291.36,-5.79,2,False,,0,0.0,ATR,False,False,,A
EXC,1,2025-04-01,2025-04-10,44.19,42.81,114,-197.42,-3.9,7,True,2025-04-03,0,3.21,ATR,False,False,,A
GLD,1,2025-04-11,2025-05-15,297.96,294.1,16,-101.76,-2.13,23,True,2025-04-16,0,5.92,ATR,False,False,,A
HYG,2,2025-05-13,2025-05-21,75.28,74.99,63,-57.92,-1.22,6,False,,0,0.11,Rotation,True,False,,A
D,2,2025-05-21,2025-06-02,55.12,54.52,85,-91.03,-1.93,7,False,,0,0.0,Rotation,True,False,,A
CME,2,2025-06-02,2025-06-05,277.48,267.64,16,-197.49,-4.43,3,False,,0,0.91,ATR,False,False,,A
MNST,1,2025-05-19,2025-07-10,62.85,59.57,75,-286.0,-6.04,35,False,,0,2.21,ATR,False,False,,A
SLV,1,2025-07-14,2025-07-28,35.22,34.65,126,-111.82,-2.51,10,False,,0,1.42,Rotation,True,False,,A
EWY,2,2025-06-05,2025-08-04,63.89,70.79,69,435.76,9.84,40,True,2025-06-12,0,13.07,ATR,False,False,,A
NEM,1,2025-07-28,2025-10-22,64.29,82.68,67,1192.4,27.56,61,True,2025-08-07,0,52.11,ATR,False,False,,A
K,1,2025-10-22,2025-10-27,70.38,68.82,73,-153.75,-2.98,3,False,,0,0.0,Rotation,True,False,,A
GD,1,2025-10-27,2025-10-29,350.71,342.27,14,-158.25,-3.21,2,False,,0,0.0,Rotation,True,False,,A
MPWR,2,2025-08-04,2025-11-05,787.12,957.5,5,811.92,20.53,66,True,2025-08-13,0,39.87,ATR,False,False,,A
CTRA,2,2025-11-05,2025-11-06,25.4,25.6,214,4.24,0.08,1,False,,0,0.0,Rotation,True,False,,A
NVDA,1,2025-10-29,2025-11-07,207.96,184.88,24,-593.86,-11.85,7,False,,0,0.0,ATR,False,False,,A
MAR,1,2025-11-10,2025-11-18,290.87,282.01,17,-190.65,-3.84,6,False,,0,0.0,Rotation,True,False,,A
AMGN,2,2025-11-06,2025-12-10,314.66,314.07,17,-49.96,-0.93,23,True,2025-11-11,0,9.03,ATR,False,False,,A
EWL,2,2025-12-11,2025-12-16,58.47,59.29,86,30.52,0.6,3,False,,0,1.01,Rotation,True,False,,A
HOLX,2,2025-12-16,2025-12-19,75.06,75.0,67,-44.02,-0.87,3,False,,0,0.0,Rotation,True,False,,A
JNJ,1,2025-11-18,2026-01-06,196.71,203.52,24,123.43,2.6,32,True,2025-11-21,0,8.3,ATR,False,False,,A
AMAT,1,2026-01-06,2026-02-05,285.07,299.7,17,208.57,4.29,21,True,2026-01-09,0,19.59,ATR,False,False,,A
UPS,1,2026-02-05,2026-02-06,114.4,114.7,45,-26.69,-0.52,1,False,,0,0.47,Rotation,True,False,,A
FDX,2,2025-12-19,2026-03-09,270.96,351.61,18,1411.67,28.83,52,True,2025-12-19,0,42.79,ATR,False,False,,A
TPR,1,2026-02-06,2026-03-13,145.04,143.54,35,-92.54,-1.82,24,True,2026-02-09,0,10.36,ATR,False,False,,A
CVX,2,2026-03-13,2026-04-02,196.0,202.51,29,148.79,2.61,14,True,2026-03-20,0,7.73,ATR,False,False,,A
DVN,1,2026-03-13,2026-04-13,45.52,48.33,128,319.68,5.47,20,True,2026-03-19,0,14.39,ATR,False,False,,A
NEE,1,2026-04-24,2026-04-27,97.24,94.83,62,-189.42,-3.13,1,False,,0,0.0,End,False,False,,A
ECL,2,2020-05-29,2020-06-12,198.25,195.62,25,-105.65,-2.12,10,True,2020-06-05,0,8.86,ATR,False,False,,B
LQD,2,2020-06-16,2020-06-22,109.28,108.55,44,-72.08,-1.49,4,False,,0,0.0,Rotation,True,False,,B
KEYS,1,2020-05-21,2020-07-08,102.4,100.42,48,-135.04,-2.74,32,False,,0,5.6,Rotation,True,False,,B
APD,1,2020-07-08,2020-07-09,231.66,235.68,20,40.35,0.87,1,False,,0,1.27,Rotation,True,False,,B
MRVL,1,2020-07-09,2020-07-24,36.96,33.98,130,-427.43,-8.86,11,False,,0,1.27,ATR,False,False,,B
HOLX,2,2020-06-22,2020-08-11,55.01,66.34,88,957.04,19.69,35,True,2020-07-02,0,33.28,ATR,False,False,,B
NKE,2,2020-08-11,2020-08-12,98.43,97.39,51,-93.09,-1.85,1,False,,0,0.0,Rotation,True,False,,B
MPWR,1,2020-07-30,2020-09-08,250.77,236.03,17,-290.68,-6.79,27,True,2020-08-06,0,8.21,ATR,False,False,,B
CAT,1,2020-09-10,2020-09-22,136.8,130.5,34,-254.19,-5.44,8,False,,0,1.22,Crisis,False,True,2020-09-21,B
ALB,2,2020-08-12,2020-09-24,87.06,75.08,58,-735.18,-14.5,30,True,2020-09-15,0,8.18,Crisis,False,True,2020-09-21,B
DUK,1,2020-10-01,2020-10-29,71.04,73.21,62,94.59,2.14,20,True,2020-10-02,0,6.66,Crisis,False,True,2020-10-28,B
PEG,2,2020-10-05,2020-10-29,46.62,48.67,94,152.35,3.46,18,True,2020-10-15,0,8.83,Crisis,False,True,2020-10-28,B
CL,1,2020-11-04,2020-11-05,73.19,74.42,62,36.22,0.79,1,False,,0,0.61,Rotation,True,False,,B
SNPS,1,2020-11-05,2020-11-06,239.53,240.88,19,-14.35,-0.31,1,False,,0,0.43,Rotation,True,False,,B
MPWR,2,2020-11-05,2020-11-10,328.95,302.33,13,-385.98,-8.98,3,False,,0,4.36,ATR,False,False,,B
QCOM,1,2020-11-06,2020-12-14,129.71,129.28,35,-55.07,-1.21,25,True,2020-12-04,0,9.23,ATR,False,False,,B
INDA,1,2020-12-16,2020-12-22,36.32,35.74,119,-109.77,-2.53,4,False,,0,0.77,ATR,False,False,,B
NKE,1,2020-12-22,2020-12-31,132.33,131.09,32,-79.96,-1.88,6,False,,0,0.0,Rotation,True,False,,B
FCX,1,2020-12-31,2021-01-27,24.73,24.29,171,-116.46,-2.74,17,True,2021-01-05,0,20.49,ATR,False,False,,B
ON,2,2020-11-10,2021-01-28,27.5,35.35,151,1145.35,27.45,53,True,2020-11-27,0,40.07,ATR,False,False,,B
CPB,2,2021-01-28,2021-01-29,42.74,40.14,111,-328.3,-6.89,1,False,,0,0.0,ATR,False,False,,B
MSFT,1,2021-01-27,2021-02-05,227.85,231.9,18,32.89,0.8,7,False,,0,2.1,Rotation,True,False,,B
ABT,2,2021-01-29,2021-02-09,109.07,113.22,42,134.47,2.92,7,False,,0,3.53,Rotation,True,False,,B
DIS,2,2021-02-09,2021-03-29,183.84,180.98,25,-111.56,-2.42,33,True,2021-02-24,0,7.3,ATR,False,False,,B
EWL,2,2021-04-09,2021-04-14,41.64,41.7,110,-34.02,-0.74,3,False,,0,0.5,Rotation,True,False,,B
EWQ,2,2021-04-14,2021-04-15,31.13,31.29,147,-16.11,-0.35,1,False,,0,0.05,Rotation,True,False,,B
WFC,2,2021-04-15,2021-06-11,37.46,40.28,122,305.0,6.65,40,True,2021-04-19,0,14.02,ATR,False,False,,B
HCA,1,2021-02-05,2021-06-21,171.6,194.96,26,567.38,12.66,93,True,2021-03-09,0,20.6,Crisis,False,True,2021-06-18,B
SPGI,1,2021-06-25,2021-07-13,394.91,394.87,12,-40.58,-0.85,11,False,,0,2.03,Rotation,True,False,,B
ADBE,2,2021-06-11,2021-09-21,529.75,646.88,8,897.04,21.07,70,True,2021-06-14,0,25.83,Crisis,False,True,2021-06-18,B
ALB,1,2021-07-13,2021-09-21,175.62,206.9,28,835.69,16.93,49,True,2021-07-21,0,31.27,Crisis,False,True,2021-09-20,B
CRM,1,2021-09-24,2021-09-29,274.47,269.53,21,-143.69,-2.48,3,False,,0,2.56,Crisis,False,True,2021-09-28,B
CCL,2,2021-09-24,2021-09-30,24.69,25.32,237,110.98,1.89,4,True,2021-09-27,0,6.37,Crisis,False,True,2021-09-28,B
AXP,2,2021-10-25,2021-10-29,176.64,166.14,33,-386.5,-6.61,4,False,,0,0.0,ATR,False,False,,B
MCD,2,2021-11-02,2021-11-03,227.2,223.8,24,-121.65,-2.22,1,False,,0,0.0,Rotation,True,False,,B
ELV,1,2021-10-21,2021-11-17,393.68,404.28,14,108.42,1.96,19,False,,0,4.05,Rotation,True,False,,B
XLK,2,2021-11-03,2021-11-29,78.72,81.37,71,147.58,2.63,17,True,2021-11-04,0,5.1,ATR,False,False,,B
LOW,1,2021-11-17,2021-12-02,229.17,226.41,24,-106.22,-1.92,10,False,,0,1.04,Crisis,False,True,2021-12-01,B
NEE,2,2021-11-30,2022-01-07,78.47,76.44,72,-186.3,-3.29,27,True,2021-12-08,0,6.03,Crisis,False,True,2021-12-01,B
MRVL,1,2021-12-06,2022-01-10,82.07,79.77,69,-198.82,-3.5,24,True,2021-12-07,0,9.58,ATR,False,False,,B
VFH,1,2022-01-10,2022-01-19,93.31,90.89,58,-180.07,-3.32,6,False,,0,0.14,ATR,False,False,,B
MET,2,2022-01-07,2022-01-24,58.65,56.67,93,-223.89,-4.09,10,False,,0,2.44,Crisis,False,True,2022-01-21,B
ABBV,1,2022-01-19,2022-01-24,116.93,113.86,45,-178.49,-3.38,3,False,,0,0.0,Crisis,False,True,2022-01-21,B
EXC,1,2022-02-03,2022-02-14,36.24,36.31,143,-30.17,-0.58,7,False,,0,3.79,Crisis,False,True,2022-02-11,B
CB,2,2022-02-03,2022-02-14,195.39,193.41,26,-91.39,-1.79,7,False,,0,1.15,Crisis,False,True,2022-02-11,B
BMY,1,2022-02-16,2022-03-09,56.79,57.3,90,6.01,0.12,14,False,,0,2.35,Crisis,False,True,2022-02-17,B
VHT,2,2022-03-30,2022-04-07,242.1,243.18,21,-17.27,-0.34,6,False,,0,0.72,Rotation,True,False,,B
AVB,1,2022-03-30,2022-04-18,221.5,213.56,23,-222.7,-4.35,12,False,,0,0.0,Rotation,True,False,,B
XLP,2,2022-04-07,2022-04-27,69.79,70.52,73,13.76,0.27,13,True,2022-04-19,0,3.68,Crisis,False,True,2022-04-26,B
DOW,1,2022-04-18,2022-04-27,52.15,54.25,94,156.88,3.19,7,True,2022-04-21,0,6.14,Crisis,False,True,2022-04-26,B
CPB,1,2022-04-29,2022-05-03,41.14,40.24,124,-151.5,-2.96,2,False,,0,0.0,Crisis,False,True,2022-04-29,B
XOM,1,2022-05-05,2022-05-10,80.2,74.62,62,-385.76,-7.73,3,False,,0,0.0,Crisis,False,True,2022-05-05,B
MCD,1,2022-07-27,2022-08-01,234.71,240.9,20,83.69,1.78,3,False,,0,2.99,Rotation,True,False,,B
SO,1,2022-08-01,2022-09-01,66.9,68.0,72,39.18,0.81,23,True,2022-08-15,0,5.47,ATR,False,False,,B
TMUS,2,2022-07-28,2022-09-06,136.01,136.81,35,-12.07,-0.25,27,False,,0,3.97,Crisis,False,True,2022-09-02,B
GILD,2,2022-09-13,2022-09-14,59.14,57.16,82,-202.58,-4.16,1,False,,0,0.0,Crisis,False,True,2022-09-13,B
ENPH,1,2022-09-08,2022-09-23,315.0,279.03,15,-579.55,-12.21,11,False,,0,1.78,Crisis,False,True,2022-09-13,B
TMUS,2,2022-10-31,2022-12-01,144.22,146.4,31,27.36,0.61,22,False,,0,1.52,Rotation,True,False,,B
IEX,1,2022-10-27,2022-12-16,211.93,217.85,21,84.29,1.89,35,True,2022-11-11,0,9.38,ATR,False,False,,B
GLD,1,2023-01-04,2023-01-05,172.86,170.82,26,-93.04,-2.06,1,False,,0,0.0,Rotation,True,False,,B
MCHI,1,2023-01-05,2023-01-06,47.49,47.84,94,-6.99,-0.16,1,False,,0,1.13,Rotation,True,False,,B
LLY,2,2022-12-01,2023-01-09,365.38,354.86,12,-166.23,-3.77,25,False,,0,0.0,Rotation,True,False,,B
CAG,1,2023-01-06,2023-01-19,33.91,32.35,132,-246.26,-5.48,8,False,,0,1.46,ATR,False,False,,B
LQD,1,2023-01-19,2023-01-23,96.24,95.62,44,-67.5,-1.59,2,False,,0,0.23,Rotation,True,False,,B
AON,1,2023-01-23,2023-02-02,317.82,314.27,13,-86.08,-2.07,8,False,,0,0.35,Rotation,True,False,,B
SBUX,2,2023-01-09,2023-02-06,98.41,96.09,44,-142.44,-3.27,19,True,2023-02-01,0,3.26,ATR,False,False,,B
FTV,2,2023-02-06,2023-02-07,50.94,51.04,81,-31.57,-0.76,1,False,,0,0.58,Rotation,True,False,,B
AME,2,2023-02-07,2023-02-08,142.73,143.47,28,-19.44,-0.48,1,False,,0,0.64,Rotation,True,False,,B
SYK,1,2023-02-02,2023-02-22,267.79,253.28,15,-257.67,-6.38,13,False,,0,2.42,ATR,False,False,,B
DD,2,2023-02-08,2023-02-22,30.28,28.66,135,-259.75,-6.32,9,False,,0,0.0,ATR,False,False,,B
LIN,1,2023-02-27,2023-03-10,331.81,331.76,11,-40.63,-1.11,9,False,,0,4.66,Crisis,False,True,2023-03-07,B
CRM,2,2023-03-03,2023-03-10,185.35,175.92,20,-228.63,-6.13,5,False,,0,0.0,Crisis,False,True,2023-03-07,B
CAG,1,2023-04-06,2023-04-17,32.72,31.47,114,-182.05,-4.85,6,False,,0,0.0,ATR,False,False,,B
LMT,1,2023-04-19,2023-04-24,463.11,445.02,7,-166.64,-5.11,3,False,,0,0.0,ATR,False,False,,B
PG,1,2023-04-24,2023-04-27,144.68,144.76,24,-38.21,-1.09,3,False,,0,0.75,Rotation,True,False,,B
MSFT,1,2023-04-27,2023-04-28,289.12,296.98,12,54.25,1.55,1,False,,0,2.99,Rotation,True,False,,B
SYK,2,2023-04-20,2023-05-04,290.09,276.38,12,-204.47,-5.84,10,False,,0,1.64,ATR,False,False,,B
GLD,2,2023-05-05,2023-05-10,186.56,188.98,18,3.56,0.11,3,False,,0,1.32,Rotation,True,False,,B
CRM,2,2023-05-10,2023-06-02,201.97,209.82,17,93.36,2.7,16,True,2023-05-18,0,9.0,Crisis,False,True,2023-05-24,B
META,1,2023-04-28,2023-06-08,237.15,258.59,14,260.18,7.79,28,True,2023-05-22,0,14.06,Crisis,False,True,2023-05-24,B
BA,1,2023-06-13,2023-06-15,222.35,217.17,16,-122.88,-3.43,2,False,,0,0.0,Rotation,True,False,,B
ISRG,1,2023-06-15,2023-07-25,322.24,322.76,11,-34.28,-0.96,26,True,2023-06-29,0,10.14,ATR,False,False,,B
BDX,1,2023-07-25,2023-07-26,207.02,211.17,17,30.54,0.86,1,False,,0,2.13,Rotation,True,False,,B
GE,1,2023-07-26,2023-08-03,92.09,87.92,38,-198.63,-5.64,6,False,,0,0.0,ATR,False,False,,B
AFL,1,2023-08-03,2023-08-07,72.17,72.68,47,-16.08,-0.47,2,False,,0,0.63,Rotation,True,False,,B
IR,2,2023-06-05,2023-08-17,61.34,66.86,57,274.95,7.82,51,True,2023-06-15,0,11.58,Crisis,False,True,2023-08-16,B
AMZN,1,2023-08-07,2023-08-17,140.99,135.46,24,-172.72,-5.07,8,False,,0,0.87,Crisis,False,True,2023-08-16,B
GOOGL,2,2023-08-30,2023-09-01,133.68,136.33,26,29.11,0.83,2,False,,0,1.03,Rotation,True,False,,B
ADBE,2,2023-09-01,2023-09-13,564.8,557.02,6,-86.68,-2.54,7,False,,0,0.01,Crisis,False,True,2023-09-05,B
GOOG,1,2023-08-30,2023-09-21,134.47,131.31,26,-122.01,-3.47,15,False,,0,2.52,Crisis,False,True,2023-09-05,B
PRU,2,2023-09-15,2023-09-22,87.08,86.02,39,-81.45,-2.38,5,False,,0,0.61,Crisis,False,True,2023-09-15,B
QCOM,2,2023-11-03,2023-11-07,111.7,113.5,30,13.98,0.41,2,False,,0,1.68,Rotation,True,False,,B
VRTX,2,2023-11-07,2023-11-16,377.38,350.72,8,-253.28,-8.33,7,False,,0,0.41,ATR,False,False,,B
WMT,2,2023-11-16,2023-11-24,51.5,50.33,61,-111.24,-3.52,5,False,,0,0.0,ATR,False,False,,B
SCHW,2,2023-11-30,2023-12-01,57.88,59.06,53,22.22,0.72,1,False,,0,2.78,Rotation,True,False,,B
AIG,1,2023-11-03,2023-12-08,60.66,62.16,55,42.36,1.26,24,False,,0,3.12,Rotation,True,False,,B
AMD,1,2023-12-08,2024-01-04,129.54,134.3,25,79.0,2.42,17,True,2023-12-12,0,14.84,ATR,False,False,,B
STZ,1,2024-01-08,2024-01-09,236.62,237.69,13,-26.12,-0.84,1,False,,0,0.75,Rotation,True,False,,B
NVDA,1,2024-01-09,2024-01-10,52.37,53.58,62,35.28,1.08,1,False,,0,1.41,Rotation,True,False,,B
PSX,2,2023-12-01,2024-01-11,118.95,120.28,26,-5.34,-0.17,27,True,2023-12-20,0,5.64,ATR,False,False,,B
CRWD,1,2024-01-10,2024-02-22,274.87,304.93,11,290.66,9.55,29,True,2024-01-12,0,21.71,ATR,False,False,,B
CTRA,1,2024-02-22,2024-02-23,23.96,24.43,143,26.38,0.77,1,False,,0,2.01,Rotation,True,False,,B
AVGO,1,2024-02-23,2024-03-12,127.67,127.54,26,-43.48,-1.3,12,True,2024-03-01,0,7.54,ATR,False,False,,B
XLB,1,2024-03-12,2024-03-15,43.31,43.22,78,-46.73,-1.38,3,False,,0,0.99,Rotation,True,False,,B
MSFT,1,2024-03-15,2024-03-18,412.95,407.99,8,-79.71,-2.4,1,False,,0,0.0,Rotation,True,False,,B
ISRG,2,2024-01-11,2024-04-16,364.45,376.63,9,69.62,2.11,65,True,2024-01-24,0,9.92,Crisis,False,True,2024-04-15,B
PSX,1,2024-03-18,2024-04-16,148.62,149.93,22,-11.28,-0.34,20,True,2024-04-02,0,8.34,Crisis,False,True,2024-04-15,B
PM,1,2024-04-24,2024-04-29,89.47,87.85,37,-99.85,-3.0,3,False,,0,2.29,Rotation,True,False,,B
BSX,2,2024-04-25,2024-07-19,73.13,76.9,46,133.42,3.94,58,True,2024-05-20,0,6.85,Crisis,False,True,2024-04-30,B
GOOG,1,2024-04-29,2024-07-19,169.38,179.1,19,144.78,4.47,56,True,2024-05-20,0,12.95,Crisis,False,True,2024-04-30,B
ALL,1,2024-07-19,2024-07-24,171.64,168.81,20,-96.46,-2.79,3,False,,0,0.0,Rotation,True,False,,B
GE,1,2024-07-24,2024-07-25,169.75,161.64,20,-202.33,-5.92,1,False,,0,0.0,ATR,False,False,,B
ISRG,2,2024-07-22,2024-07-26,462.33,438.6,7,-206.11,-6.33,4,False,,0,0.0,ATR,False,False,,B
ABBV,2,2024-07-26,2024-08-06,173.01,174.88,18,-6.39,-0.2,7,True,2024-08-02,0,3.41,Crisis,False,True,2024-08-05,B
RTX,1,2024-07-26,2024-08-07,110.32,110.65,29,-30.45,-0.95,8,False,,0,3.1,Crisis,False,True,2024-08-05,B
SBUX,2,2024-08-14,2024-08-16,91.21,89.81,35,-89.05,-2.77,2,False,,0,0.0,Rotation,True,False,,B
VTR,1,2024-08-07,2024-10-11,54.5,59.62,58,257.11,8.08,46,True,2024-08-09,0,14.15,Crisis,False,True,2024-08-07,B
FAST,1,2024-10-14,2024-10-18,37.27,37.72,88,-0.36,-0.01,4,False,,0,1.08,Rotation,True,False,,B
TRV,1,2024-10-18,2024-10-23,262.77,252.71,12,-160.67,-5.06,3,False,,0,0.0,Rotation,True,False,,B
PM,1,2024-10-23,2024-11-07,123.07,119.8,26,-124.93,-3.88,11,False,,0,2.17,ATR,False,False,,B
ORCL,1,2024-11-07,2024-12-11,178.2,175.17,17,-91.53,-3.0,23,True,2024-11-08,0,6.27,ATR,False,False,,B
WMT,2,2024-08-16,2024-12-19,71.7,93.39,76,877.45,14.15,87,True,2024-08-22,1,31.64,Crisis,False,True,2024-12-13,B
META,2,2025-01-27,2025-02-25,624.11,663.31,5,156.01,4.97,20,True,2025-01-28,0,17.56,ATR,False,False,,B
BRK-B,2,2025-02-25,2025-03-03,503.15,516.22,7,51.49,1.45,4,False,,0,2.12,Rotation,True,False,,B
V,2,2025-03-03,2025-03-07,360.3,338.34,10,-259.66,-7.17,4,False,,0,0.0,ATR,False,False,,B
ABT,1,2025-01-24,2025-03-12,119.58,129.04,29,234.4,6.72,32,True,2025-01-27,0,14.38,Crisis,False,True,2025-03-11,B
FAST,2,2025-03-07,2025-03-12,37.93,37.78,92,-53.97,-1.54,3,True,2025-03-10,0,3.27,Crisis,False,True,2025-03-11,B
EXC,1,2025-04-01,2025-04-07,44.19,43.44,81,-100.23,-2.78,4,True,2025-04-03,0,3.21,Crisis,False,True,2025-04-03,B
AIG,2,2025-04-01,2025-04-07,85.06,76.07,42,-417.5,-11.62,4,False,,0,0.86,Crisis,False,True,2025-04-03,B
HYG,1,2025-05-13,2025-05-21,75.28,74.99,44,-52.52,-1.58,6,False,,0,0.11,Rotation,True,False,,B
D,1,2025-05-21,2025-06-02,55.12,54.52,59,-75.42,-2.31,7,False,,0,0.0,Rotation,True,False,,B
CME,1,2025-06-02,2025-06-05,277.48,267.64,11,-148.28,-4.83,3,False,,0,0.91,ATR,False,False,,B
MNST,2,2025-05-19,2025-07-10,62.85,59.57,53,-213.84,-6.38,35,False,,0,2.21,ATR,False,False,,B
SLV,2,2025-07-14,2025-07-28,35.22,34.65,87,-89.59,-2.9,10,False,,0,1.42,Rotation,True,False,,B
EWY,1,2025-06-05,2025-08-04,63.89,70.79,48,290.97,9.43,40,True,2025-06-12,0,13.07,ATR,False,False,,B
D,1,2025-08-04,2025-08-25,58.66,59.2,54,-10.75,-0.34,15,False,,0,2.41,Rotation,True,False,,B
CCL,1,2025-08-25,2025-09-08,30.97,31.55,103,20.49,0.64,9,False,,0,4.44,Rotation,True,False,,B
AVGO,1,2025-09-08,2025-09-30,340.8,328.8,9,-147.96,-4.79,16,True,2025-09-10,0,7.82,ATR,False,False,,B
NEM,2,2025-07-28,2025-10-22,64.29,82.68,86,785.89,12.47,61,True,2025-08-07,1,34.24,ATR,False,False,,B
KO,2,2025-10-22,2025-10-27,70.38,68.82,50,-117.91,-3.33,3,False,,0,0.0,Rotation,True,False,,B
K,1,2025-10-22,2025-10-28,70.38,69.09,50,-104.6,-2.96,4,False,,0,0.0,Rotation,True,False,,B
QCOM,1,2025-10-28,2025-10-29,181.83,179.92,18,-74.34,-2.26,1,False,,0,0.0,Rotation,True,False,,B
GD,2,2025-10-27,2025-11-04,350.71,337.83,9,-155.9,-4.91,6,False,,0,0.0,Rotation,True,False,,B
CTRA,2,2025-11-05,2025-11-06,25.4,25.6,128,-13.54,-0.41,1,False,,0,0.0,Rotation,True,False,,B
NVDA,1,2025-10-29,2025-11-07,207.96,184.88,16,-409.24,-12.23,7,False,,0,0.0,ATR,False,False,,B
MAR,1,2025-11-10,2025-11-18,290.87,282.01,10,-128.62,-4.39,6,False,,0,0.0,Rotation,True,False,,B
AMGN,2,2025-11-06,2025-12-09,314.66,319.61,10,9.46,0.3,22,True,2025-11-11,0,9.03,Crisis,False,True,2025-11-20,B
EWL,2,2025-12-11,2025-12-16,58.47,59.29,51,1.82,0.06,3,False,,0,1.01,Rotation,True,False,,B
HOLX,2,2025-12-16,2025-12-19,75.06,75.0,40,-42.4,-1.4,3,False,,0,0.0,Rotation,True,False,,B
JNJ,1,2025-11-18,2026-01-06,196.71,203.52,14,55.33,1.99,32,True,2025-11-21,0,8.3,Crisis,False,True,2025-11-20,B
AMAT,1,2026-01-06,2026-02-05,285.07,299.7,10,106.22,3.7,21,True,2026-01-09,0,19.59,ATR,False,False,,B
UPS,1,2026-02-05,2026-02-06,114.4,114.7,26,-32.31,-1.08,1,False,,0,0.47,Rotation,True,False,,B
FDX,2,2025-12-19,2026-03-09,270.96,351.61,11,847.13,28.23,52,True,2025-12-19,0,42.79,ATR,False,False,,B
TPR,1,2026-02-06,2026-03-13,145.04,143.54,21,-71.52,-2.33,24,True,2026-02-09,0,10.36,Crisis,False,True,2026-03-12,B
UNP,2,2026-04-24,2026-04-27,272.88,269.45,12,-81.16,-2.46,1,False,,0,0.0,Rotation,True,False,,B
NEE,1,2026-04-24,2026-04-27,97.24,94.83,35,-124.35,-3.63,1,False,,0,0.0,End,False,False,,B
BKR,2,2026-04-27,2026-04-27,70.0,68.38,48,-117.76,-3.48,0,False,,0,0.0,End,False,False,,B
