amp,vol,adx,kombination,n_trades,hit_%,payoff,profit_factor,avg_win_%,avg_loss_%,avg_hold_d,max_win_%,max_loss_%,gross_ret_%,net_ret_%,earned_%,stall_exit_%
0.05,1.5,,Amp≥5% + Vol≥1.5×,1095,34.15525114155251,2.883965533655979,1.4959821214803553,10.278841559430548,-3.564134674799718,17.53972602739726,84.68032057285984,-30.678159341044807,1274.5456426964283,-915.4543573035717,39.63470319634703,56.073059360730596
0.05,1.5,20.0,Amp≥5% + Vol≥1.5× + ADX≥20,1070,34.018691588785046,2.8862908820775686,1.4881159788615226,10.312527817920312,-3.5729343435050094,17.59252336448598,84.68032057285984,-30.678159341044807,1231.2684792084565,-908.7315207915433,39.4392523364486,55.887850467289724
0.05,2.0,20.0,Amp≥5% + Vol≥2.0× + ADX≥20,746,32.975871313672926,2.9993862165320864,1.4756980185337865,10.348955025163614,-3.4503575992054656,18.315013404825738,84.68032057285984,-30.678159341044807,820.6641365875163,-671.3358634124838,38.47184986595174,56.83646112600537
0.05,,20.0,Amp≥5% + ADX≥20,1327,33.91107761868877,2.875338199887232,1.4753730786194463,11.265608187008098,-3.918011518592813,17.34212509419744,123.99496570001367,-30.678159341044807,1633.4275823477483,-1020.572417652252,37.52825923134891,55.16201959306707
0.05,,,Amp≥5%,1364,34.01759530791789,2.8569532396783686,1.4729181146786257,11.09655120756093,-3.8840506919917814,17.215542521994134,123.99496570001367,-30.678159341044807,1653.1541375156676,-1074.8458624843329,37.903225806451616,55.49853372434017
0.05,2.0,,Amp≥5% + Vol≥2.0×,759,32.80632411067194,2.999630236071801,1.464525350552703,10.372263121904604,-3.4578472363606108,18.197628458498023,84.68032057285984,-30.678159341044807,819.1914268103349,-698.808573189665,38.20816864295125,56.916996047430835
0.05,,25.0,Amp≥5% + ADX≥25,1174,32.96422487223168,2.9215872501169198,1.436663616004127,11.497062563223103,-3.935211095531376,17.344122657580918,123.99496570001367,-30.678159341044807,1352.3520797841475,-995.6479202158527,37.22316865417377,55.36626916524702
0.05,1.5,25.0,Amp≥5% + Vol≥1.5× + ADX≥25,937,33.51120597652081,2.79909002029578,1.4107773136001203,10.15800333956789,-3.6290377465225263,17.71504802561366,84.68032057285984,-30.678159341044807,928.7225325407837,-945.2774674592162,39.48772678762006,55.28281750266809
0.01,,,Amp≥1%,6059,34.26307971612477,2.6479986161899385,1.3801770341979194,7.3619347692016435,-2.7801882992651756,16.80904439676514,127.38109626060292,-37.39991487599708,4209.8865848894175,-7908.113415110582,39.74253177091929,53.226605050338335
0.05,2.0,25.0,Amp≥5% + Vol≥2.0× + ADX≥25,655,32.06106870229007,2.9241014794806164,1.379913057732426,10.283717360225022,-3.5168811453327646,18.39236641221374,84.68032057285984,-30.678159341044807,594.5685359741739,-715.4314640258259,38.3206106870229,56.18320610687023
0.01,,20.0,Amp≥1% + ADX≥20,5876,34.18992511912866,2.6318699754149626,1.3673200880808534,7.406044211968582,-2.8139856000298353,16.798672566371682,127.38109626060292,-37.39991487599708,3997.0605065295076,-7754.939493470493,39.48264125255276,53.23349217154527
,,,Baseline,6595,34.08642911296437,2.635676055251394,1.363008919301848,7.159092838497025,-2.7162263830689857,16.795451099317663,127.38109626060292,-37.39991487599708,4286.20461374043,-8903.79538625957,39.57543593631539,53.22213798332069
0.01,,25.0,Amp≥1% + ADX≥25,5385,34.05756731662024,2.629906235577421,1.358278804857502,7.445788254268412,-2.8311991330875785,16.761931290622098,127.38109626060292,-37.39991487599708,3601.987536734275,-7168.012463265724,39.31290622098422,53.370473537604454
,,25.0,ADX≥25,5952,33.921370967741936,2.643444176713901,1.35700833785542,7.22203595637421,-2.7320554071060483,16.733870967741936,127.38109626060292,-37.39991487599708,3836.116679771443,-8067.883320228557,39.163306451612904,53.545026881720425
0.03,,,Amp≥3%,2837,33.20408882622489,2.728213090973662,1.3561882489167227,9.151585662701116,-3.3544248039052698,16.33168840324286,127.38109626060292,-30.678159341044807,2264.158690863965,-3409.841309136035,37.36341205498766,55.19915403595347
,,20.0,ADX≥20,6431,34.02270253459804,2.6188154332773674,1.3504520782490879,7.169058197069724,-2.7375194547780204,16.75804696003732,127.38109626060292,-37.39991487599708,4070.6042885654174,-8791.395711434583,39.38734255947753,53.366505986627274
0.03,,25.0,Amp≥3% + ADX≥25,2454,33.251833740831295,2.698726088366936,1.3444203224099023,9.240646754268035,-3.424077305992833,16.273023634881827,127.38109626060292,-30.678159341044807,1931.7291242664555,-2976.270875733544,36.267318663406684,55.05297473512633
0.03,,20.0,Amp≥3% + ADX≥20,2755,33.06715063520871,2.7194046719463327,1.343480290750059,9.201151988133656,-3.3835170186525443,16.303085299455535,127.38109626060292,-30.678159341044807,2143.044078794467,-3366.9559212055324,36.84210526315789,55.24500907441017
0.03,2.0,20.0,Amp≥3% + Vol≥2.0× + ADX≥20,1003,32.701894317048854,2.7507947508440878,1.3366824863360898,9.059598562368084,-3.2934476698372808,17.434695912263212,84.68032057285984,-30.678159341044807,748.4711513165669,-1257.5288486834331,37.188434695912264,57.32801595214357
0.03,1.5,,Amp≥3% + Vol≥1.5×,1810,32.928176795580114,2.717181443380757,1.333970461495001,8.995043891274657,-3.31043181278424,16.75193370165746,84.68032057285984,-30.678159341044807,1342.1819384796277,-2277.8180615203723,37.95580110497237,56.24309392265193
,,30.0,ADX≥30,5212,33.518802762854946,2.6430358867665453,1.3333478758825166,7.140862210944369,-2.7017651355768777,16.497889485801995,123.99496570001367,-30.678159341044807,3118.8736180170854,-7305.126381982915,39.00613967766692,53.127398311588635
0.03,2.0,,Amp≥3% + Vol≥2.0×,1026,32.553606237816766,2.750062156026351,1.3273421388913311,9.0418672048002,-3.2878773976021947,17.35867446393762,84.68032057285984,-30.678159341044807,744.7724872625479,-1307.2275127374521,36.939571150097464,57.30994152046783
,2.0,20.0,Vol≥2.0× + ADX≥20,1445,31.69550173010381,2.8533746315664055,1.3240583396731647,8.419199723911547,-2.9506114026428043,16.895501730103806,84.68032057285984,-30.678159341044807,943.7400191430395,-1946.2599808569603,37.508650519031136,56.470588235294116
0.03,1.5,20.0,Amp≥3% + Vol≥1.5× + ADX≥20,1768,32.918552036199095,2.6885722556084617,1.319349960172112,8.965801631516712,-3.3347817276674325,16.743212669683256,84.68032057285984,-30.678159341044807,1263.0454205291512,-2272.9545794708492,37.7262443438914,56.165158371040725
0.01,,30.0,Amp≥1% + ADX≥30,4676,33.532934131736525,2.6107467415984247,1.3179816132731261,7.354993613023022,-2.8171991927949094,16.45786997433704,123.99496570001367,-30.678159341044807,2782.409292399113,-6569.590707600887,38.8366124893071,52.78015397775877
,2.0,,Vol≥2.0×,1481,31.465226198514518,2.861454699643385,1.313731911363367,8.418126364383815,-2.9419044674839485,16.87711006076975,84.68032057285984,-30.678159341044807,936.81385130665,-2025.1861486933499,37.33963538149899,56.38082376772451
0.05,3.0,,Amp≥5% + Vol≥3.0×,305,33.442622950819676,2.6086139144693443,1.3107321146594735,10.181101687393118,-3.9028779348760785,18.072131147540983,68.39236239415385,-30.678159341044807,246.1881513342543,-363.81184866574574,37.049180327868854,56.72131147540984
0.01,2.0,20.0,Amp≥1% + Vol≥2.0× + ADX≥20,1341,31.469052945563014,2.8517475928554803,1.309507599766064,8.701622984588937,-3.0513300007298065,16.757643549589858,84.68032057285984,-30.678159341044807,867.9126288258393,-1814.0873711741606,37.06189410887398,56.67412378821774
0.03,,30.0,Amp≥3% + ADX≥30,2021,31.964374072241462,2.765719236756166,1.2993851832323515,9.439460745732298,-3.413022052377079,16.047996041563582,123.99496570001367,-30.678159341044807,1404.9863197245816,-2637.0136802754187,36.26917367639783,54.923305294408706
0.01,2.0,,Amp≥1% + Vol≥2.0×,1374,31.368267831149925,2.8405122986273827,1.2982617186727485,8.647262685081298,-3.044261659863224,16.709606986899562,84.68032057285984,-30.678159341044807,856.231472019019,-1891.7685279809814,36.972343522561864,56.477438136826784
0.01,1.5,,Amp≥1% + Vol≥1.5×,2800,32.67857142857143,2.67079425620595,1.2964332861689358,7.878741752899781,-2.949962070119203,16.59107142857143,84.68032057285984,-30.678159341044807,1648.3702017286012,-3951.6297982713986,38.82142857142858,54.57142857142857
,1.5,,Vol≥1.5×,3064,32.702349869451695,2.659519589485809,1.2923562699635212,7.597608824450052,-2.8567598653856776,16.60835509138381,84.68032057285984,-37.849295857895946,1722.165199673686,-4405.8348003263145,39.523498694516974,54.438642297650134
0.01,1.5,25.0,Amp≥1% + Vol≥1.5× + ADX≥25,2470,32.75303643724696,2.643023185560767,1.2873002752068998,7.942238794594178,-3.004982641841291,16.67327935222672,84.68032057285984,-30.678159341044807,1433.995016728306,-3506.004983271694,38.38056680161943,54.61538461538461
0.03,1.5,25.0,Amp≥3% + Vol≥1.5× + ADX≥25,1574,33.03684879288437,2.6072742368802087,1.2863212553868202,8.894854716892482,-3.4115531811244435,16.83418043202033,84.68032057285984,-30.678159341044807,1029.5473998789278,-2118.452600121072,37.42058449809403,55.781448538754766
,2.0,25.0,Vol≥2.0× + ADX≥25,1298,31.432973805855163,2.794554835223636,1.2810992952485882,8.292675539251562,-2.96744062228714,16.95300462249615,84.68032057285984,-30.678159341044807,742.3894661790829,-1853.6105338209172,37.28813559322034,56.47149460708783
0.01,1.5,20.0,Amp≥1% + Vol≥1.5× + ADX≥20,2738,32.61504747991235,2.6380807916542572,1.2768597002424127,7.854883336732806,-2.9774991583207946,16.525931336742147,84.68032057285984,-30.678159341044807,1520.9248726005294,-3955.07512739947,38.568298027757486,54.63842220598978
,1.5,20.0,Vol≥1.5× + ADX≥20,2994,32.66533066132264,2.629805657816188,1.275768816142972,7.594208732453713,-2.8877452255388354,16.5688042752171,84.68032057285984,-37.849295857895946,1605.4417656534388,-4382.558234346561,39.278557114228455,54.44221776887107
,1.5,25.0,Vol≥1.5× + ADX≥25,2721,32.63506063947078,2.6329535747548873,1.275538884005641,7.6709283536196935,-2.91343091924202,16.652701212789417,84.68032057285984,-37.849295857895946,1471.4655030436656,-3970.5344969563344,39.02976846747519,54.3917677324513
0.01,2.0,25.0,Amp≥1% + Vol≥2.0× + ADX≥25,1198,31.385642737896497,2.773265400642947,1.268549623651762,8.537910752128298,-3.0786489998933706,16.850584307178632,84.68032057285984,-30.678159341044807,679.6049648878897,-1716.3950351121105,36.97829716193656,56.761268781302164
0.03,2.0,25.0,Amp≥3% + Vol≥2.0× + ADX≥25,881,32.46311010215664,2.6362129885351595,1.2671544785227824,8.848067891909514,-3.356355472941524,17.532349602724178,84.68032057285984,-30.678159341044807,533.5159106859135,-1228.4840893140865,36.88989784335982,57.094211123723035
0.05,,30.0,Amp≥5% + ADX≥30,934,30.94218415417559,2.7802354034252885,1.2457178784339664,11.127278887610153,-4.002279401917259,16.585653104925054,123.99496570001367,-30.678159341044807,634.3133842827017,-1233.6866157172983,36.937901498929335,55.78158458244111
0.01,1.5,30.0,Amp≥1% + Vol≥1.5× + ADX≥30,2041,31.945124938755516,2.589022620456703,1.2152935554627575,7.793405353603714,-3.010172754778388,16.39294463498285,84.68032057285984,-30.678159341044807,900.1703341624411,-3181.829665837559,38.06957373836355,55.31602155805977
,1.5,30.0,Vol≥1.5× + ADX≥30,2264,31.978798586572438,2.582173894091074,1.2139570774817778,7.504115784986668,-2.9061233258374797,16.44125441696113,84.68032057285984,-30.678159341044807,957.5499065406282,-3570.4500934593716,38.869257950530034,54.90282685512368
0.03,3.0,,Amp≥3% + Vol≥3.0×,350,32.285714285714285,2.527578945562845,1.2051325774202593,9.532151834938604,-3.7712578084543154,17.411428571428573,68.39236239415385,-30.678159341044807,183.34505674438947,-516.6549432556105,35.714285714285715,56.85714285714286
0.05,1.5,30.0,Amp≥5% + Vol≥1.5× + ADX≥30,732,30.87431693989071,2.650670048217041,1.1838961084921964,9.878052900896094,-3.7266248613404422,16.81830601092896,84.68032057285984,-30.678159341044807,346.7677757642537,-1117.2322242357463,38.9344262295082,56.69398907103825
,3.0,,Vol≥3.0×,418,31.100478468899524,2.6107347153062515,1.1784566423257385,8.97144745810415,-3.436368852609277,16.801435406698566,68.39236239415385,-30.678159341044807,176.6139400020678,-659.3860599979321,35.88516746411483,57.655502392344495
0.05,3.0,20.0,Amp≥5% + Vol≥3.0× + ADX≥20,299,33.44481605351171,2.3410275696994383,1.1763957636680593,9.213323717591988,-3.935589583327665,17.97324414715719,68.39236239415385,-30.678159341044807,138.15004467699345,-459.8499553230065,37.12374581939799,56.52173913043478
0.01,3.0,,Amp≥1% + Vol≥3.0×,399,31.82957393483709,2.5152895732607767,1.174418293397495,8.944710826615982,-3.5561356122588372,16.917293233082706,68.39236239415385,-30.678159341044807,168.70938844582582,-629.2906115541741,35.58897243107769,57.393483709273184
0.05,2.0,30.0,Amp≥5% + Vol≥2.0× + ADX≥30,514,29.961089494163424,2.74229940092266,1.1730947437280268,10.331206901190898,-3.767351915591315,17.65953307392996,84.68032057285984,-30.678159341044807,234.75917317052472,-793.2408268294753,38.13229571984436,56.809338521400775
0.05,3.0,25.0,Amp≥5% + Vol≥3.0× + ADX≥25,258,32.945736434108525,2.3621428606720714,1.1605904228735608,9.5226458392721,-4.031358982480314,18.065891472868216,68.39236239415385,-30.678159341044807,111.99979236903411,-404.0002076309659,36.04651162790697,56.201550387596896
,2.0,30.0,Vol≥2.0× + ADX≥30,1049,29.933269780743565,2.6714175630843395,1.1412586596033776,8.24407880894744,-3.0860315223162162,16.55481410867493,84.68032057285984,-30.678159341044807,320.4075771070777,-1777.5924228929225,37.27359389895138,56.530028598665396
0.03,1.5,30.0,Amp≥3% + Vol≥1.5× + ADX≥30,1252,30.75079872204473,2.532229252776756,1.1244616635744535,8.71322068935634,-3.4409288494719505,16.099041533546327,84.68032057285984,-30.678159341044807,371.3046529100103,-2132.69534708999,36.90095846645367,56.94888178913738
0.01,2.0,30.0,Amp≥1% + Vol≥2.0× + ADX≥30,963,29.906542056074763,2.6339962835512036,1.1238384143151803,8.425027256566521,-3.1985721882673803,16.33748701973001,84.68032057285984,-30.678159341044807,267.37162281067594,-1658.628377189324,36.863966770508824,57.11318795430945
0.03,2.0,30.0,Amp≥3% + Vol≥2.0× + ADX≥30,701,30.527817403708983,2.5184030157704074,1.1066493744863803,8.880035824097293,-3.5260582871327255,16.905848787446505,84.68032057285984,-30.678159341044807,183.1372805231836,-1218.8627194768164,36.947218259629096,57.48930099857347
0.05,3.0,30.0,Amp≥5% + Vol≥3.0× + ADX≥30,192,30.729166666666668,2.4796343348299588,1.0999881635711848,10.548673603795365,-4.254124672990843,17.791666666666668,68.39236239415385,-30.678159341044807,56.57316111614443,-327.4268388838555,35.9375,58.333333333333336
0.03,3.0,20.0,Amp≥3% + Vol≥3.0× + ADX≥20,342,32.45614035087719,2.262508718248738,1.0871795139636793,8.648586999938406,-3.8225651597191277,17.304093567251464,68.39236239415385,-30.678159341044807,76.98060509804452,-607.0193949019554,35.67251461988304,56.72514619883041
,3.0,20.0,Vol≥3.0× + ADX≥20,407,31.203931203931205,2.366094761500491,1.0731929811091514,8.253722825465186,-3.488331473347659,16.727272727272727,68.39236239415385,-30.678159341044807,71.48998629673399,-742.5100137032659,35.872235872235876,57.49385749385749
0.03,3.0,25.0,Amp≥3% + Vol≥3.0× + ADX≥25,297,32.323232323232325,2.235100414175425,1.0675106455763224,8.834225849709297,-3.952496180342048,17.444444444444443,68.39236239415385,-30.678159341044807,53.63394932334093,-540.3660506766591,35.01683501683502,55.892255892255896
0.01,3.0,20.0,Amp≥1% + Vol≥3.0× + ADX≥20,389,31.876606683804624,2.2767450829039504,1.065344868981471,8.208975034361037,-3.6055749482022055,16.81491002570694,68.39236239415385,-30.678159341044807,62.43554298718395,-715.5644570128161,35.47557840616967,57.326478149100254
,3.0,25.0,Vol≥3.0× + ADX≥25,357,31.092436974789916,2.3509953088594537,1.0608149564365827,8.428201787146545,-3.584950491132773,16.857142857142858,68.39236239415385,-30.678159341044807,53.632577554604055,-660.367422445396,35.57422969187675,56.582633053221286
0.01,3.0,25.0,Amp≥1% + Vol≥3.0× + ADX≥25,339,31.858407079646017,2.249675528493274,1.0517963509838686,8.381671331481076,-3.7257245435277158,16.964601769911503,68.39236239415385,-30.678159341044807,44.57813424505398,-633.421865754946,35.10324483775811,56.342182890855455
0.03,3.0,30.0,Amp≥3% + Vol≥3.0× + ADX≥30,222,31.53153153153153,2.2666913338166097,1.0438710089944914,9.443321826541295,-4.166126055919937,17.43243243243243,68.39236239415385,-30.678159341044807,27.78136735806025,-416.21863264193973,35.585585585585584,57.65765765765766
0.01,3.0,30.0,Amp≥1% + Vol≥3.0× + ADX≥30,258,31.007751937984494,2.315380865979077,1.0406206139231806,8.950112209961262,-3.8655032273390737,16.934108527131784,68.39236239415385,-30.678159341044807,27.949402330545823,-488.05059766945413,35.65891472868217,58.139534883720934
,3.0,30.0,Vol≥3.0× + ADX≥30,271,29.88929889298893,2.4004105866417875,1.0233329343051831,8.930730737260577,-3.7205013121337753,16.819188191881917,68.39236239415385,-30.678159341044807,16.49394041268939,-525.5060595873106,35.79335793357934,58.30258302583026
